1.000000000000000000e+00 8.827084749437878596e-34
1.003075857942949956e+00 9.792544527578660139e-34
1.006161176787985001e+00 1.090965953870996199e-33
1.009255985635495900e+00 1.220315028685972964e-33
1.012360313675382706e+00 1.378599669505301824e-33
1.015474190187328318e+00 1.562842173777041732e-33
1.018597644541076708e+00 1.762622265663113416e-33
1.021730706196708249e+00 1.969226596027838847e-33
1.024873404704919277e+00 2.227668360400954541e-33
1.028025769707298753e+00 2.501925915792140104e-33
1.031187830936610261e+00 2.707731557853295942e-33
1.034359618217070009e+00 2.750606574667602139e-33
1.037541161464629491e+00 2.700643288611589667e-33
1.040732490687257927e+00 2.605714454019835616e-33
1.043933635985224262e+00 2.482919325883345042e-33
1.047144627551382046e+00 2.340549613687415803e-33
1.050365495671453209e+00 2.087689214953871821e-33
1.053596270724314721e+00 1.774514913997495465e-33
1.056836983182284362e+00 1.482457153523485141e-33
1.060087663611408715e+00 1.254776515149413951e-33
1.063348342671751157e+00 1.065709810973332159e-33
1.066619051117680739e+00 9.009686680186505590e-34
1.069899819798162621e+00 7.629506963451947287e-34
1.073190679657049618e+00 6.512210986426800787e-34
1.076491661733372407e+00 5.596016060057891133e-34
1.079802797161634409e+00 4.829031079859678784e-34
1.083124117172103107e+00 4.188037257275430955e-34
1.086455653091107809e+00 3.652084285595495045e-34
1.089797436341330750e+00 3.201505307430000796e-34
1.093149498442107515e+00 2.819335593746269098e-34
1.096511871009722361e+00 2.493584570450357517e-34
1.099884585757706645e+00 2.214561122971160252e-34
1.103267674497137696e+00 1.974540297357931203e-34
1.106661169136939460e+00 1.767138548532522708e-34
1.110065101684183597e+00 1.586974397430773655e-34
1.113479504244390350e+00 1.429649314873997936e-34
1.116904409021832301e+00 1.291768776596879381e-34
1.120339848319837905e+00 1.170621427332201188e-34
1.123785854541095697e+00 1.063696227830698669e-34
1.127242460187960704e+00 9.688998445712969301e-35
1.130709697862760210e+00 8.845941480212875670e-35
1.134187600268101503e+00 8.095027272047681114e-35
1.137676200207181632e+00 7.423788967341083111e-35
1.141175530584093822e+00 6.821679842846519453e-35
1.144685624404141011e+00 6.280448129387136387e-35
1.148206514774145148e+00 5.794603009625959209e-35
1.151738234902759839e+00 5.364377756944801062e-35
1.155280818100784312e+00 5.310068018846608934e-35
1.158834297781477618e+00 4.630561239757490640e-35
1.162398707460871483e+00 4.261076217565440842e-35
1.165974080758089615e+00 3.954952551792121879e-35
1.169560451395663003e+00 3.678233998493582584e-35
1.173157853199848333e+00 3.425563895058316379e-35
1.176766320100947283e+00 3.194245262179477174e-35
1.180385886133625606e+00 2.981893468993142068e-35
1.184016585437235536e+00 2.786445200536115912e-35
1.187658452256137087e+00 2.606141589080874041e-35
1.191311520940020685e+00 2.439613180048877918e-35
1.194975825944231573e+00 2.285458889620729625e-35
1.198651401830095553e+00 2.142386341606424120e-35
1.202338283265242502e+00 2.009241668576692930e-35
1.206036505023936778e+00 1.886499865195776560e-35
1.209746101987402067e+00 1.772544181371718305e-35
1.213467109144152678e+00 1.666305120963686787e-35
1.217199561590321943e+00 1.567060459500312787e-35
1.220943494529994844e+00 1.474219777455015379e-35
1.224698943275537966e+00 1.387199149152180806e-35
1.228465943247933900e+00 1.305448449554279670e-35
1.232244529977116754e+00 1.228465072024893760e-35
1.236034739102303437e+00 1.155819007681748896e-35
1.239836606372333172e+00 1.087097954498884514e-35
1.243650167646003668e+00 1.021911607983121511e-35
1.247475458892408406e+00 9.599768131271568759e-36
1.251312516191277702e+00 9.028517124176262870e-36
1.255161375733317097e+00 8.486121912830689854e-36
1.259022073820550425e+00 7.970137359992547776e-36
1.262894646866660642e+00 7.478328706979734556e-36
1.266779131397334446e+00 7.008594581738808735e-36
1.270675564050605999e+00 6.559159850471411244e-36
1.274583981577203096e+00 6.128506210957056296e-36
1.278504420840894218e+00 5.715314357848985531e-36
1.282436918818834259e+00 5.318517930890981577e-36
1.286381512601915134e+00 4.937059501582207865e-36
1.290338239395115494e+00 4.570076009008368762e-36
1.294307136517851120e+00 4.222048054207636080e-36
1.298288241404326415e+00 3.902878325392574440e-36
1.302281591603888344e+00 3.598052579859261653e-36
1.306287224781380374e+00 3.307031821443170451e-36
1.310305178717497965e+00 3.029534765513800519e-36
1.314335491309144732e+00 2.765645549706748101e-36
1.318378200569789049e+00 2.515741497673343991e-36
1.322433344629823537e+00 2.280080576199523860e-36
1.326500961736924777e+00 2.058843901433445772e-36
1.330581090256413912e+00 1.852046942144187708e-36
1.334673768671617911e+00 1.659634246870674459e-36
1.338779035584233501e+00 1.481566627203094120e-36
1.342896929714690213e+00 1.322170057943998160e-36
1.347027489902516084e+00 1.180608635619979585e-36
1.351170755106704480e+00 1.051072005410390708e-36
1.355326764406081130e+00 9.330300103715680357e-37
1.359495556999672061e+00 8.259084056804715331e-37
1.363677172207074628e+00 7.290955532748431984e-37
1.367871649468827222e+00 6.419505765953312804e-37
1.372079028346781859e+00 5.638133319012665562e-37
1.376299348524477217e+00 4.940163151666165481e-37
1.380532649807513002e+00 4.318946727862488754e-37
1.384778972123924756e+00 3.767953850167233832e-37
1.389038355524562451e+00 3.280837509709290400e-37
1.393310840183464627e+00 2.866426735928848332e-37
1.397596466398240755e+00 2.506432713755133277e-37
1.401895274590450713e+00 2.188709143624825387e-37
1.406207305305983812e+00 1.908887050271408354e-37
1.410532599215443161e+00 1.662930778070728772e-37
1.414871197114529577e+00 1.447136239957076060e-37
1.419223139924425503e+00 1.258123549587749480e-37
1.423588468692180253e+00 1.092826520090120048e-37
1.427967224591099038e+00 9.484761900277393007e-38
1.432359448921129541e+00 8.225831806524175260e-38
1.436765183109252719e+00 7.129185455244597544e-38
1.441184468709873157e+00 6.174948902203256621e-38
1.445617347405210307e+00 5.376660725207568684e-38
1.450063861005693067e+00 4.682144479360013317e-38
1.454524051450351907e+00 4.075667079790977588e-38
1.458997960807217220e+00 3.546420719567552028e-38
1.463485631273713672e+00 3.084850833675675189e-38
1.467987105177060103e+00 2.682525665613489299e-38
1.472502424974666768e+00 2.332016138119785724e-38
1.477031633254537901e+00 2.026788383382857819e-38
1.481574772735672285e+00 1.761103235693806411e-38
1.486131886268465596e+00 1.529924832478741134e-38
1.490703016835115413e+00 1.328839957468214156e-38
1.495288207550027115e+00 1.154751405477186070e-38
1.499887501660219113e+00 1.007891355734466088e-38
1.504500942545731856e+00 8.795949071398760286e-39
1.509128573720036837e+00 7.675388857171125147e-39
1.513770438830446041e+00 6.696861444633296805e-39
1.518426581658525620e+00 5.842512695011428453e-39
1.523097046120506226e+00 5.096701884109960036e-39
1.527781876267699124e+00 4.445733185710881199e-39
1.532481116286912304e+00 3.877620081254466799e-39
1.537194810500863928e+00 3.381875901287875420e-39
1.541923003368604439e+00 2.949328915326050445e-39
1.546665739485932889e+00 2.571959805094570233e-39
1.551423063585819051e+00 2.246067400892771774e-39
1.556195020538825080e+00 1.966885649685118581e-39
1.560981655353528508e+00 1.722335545935819063e-39
1.565783013176946792e+00 1.508134645228571115e-39
1.570599139294962754e+00 1.320527406941332456e-39
1.575430079132753569e+00 1.156220961204646248e-39
1.580275878255216204e+00 1.012328426932933256e-39
1.585136582367399516e+00 8.863191749373781874e-40
1.590012237314934795e+00 7.759751844680761573e-40
1.594902889084467645e+00 6.793526895615632266e-40
1.599808583804091633e+00 5.947483892876542213e-40
1.604729367743784829e+00 5.206698313472249447e-40
1.609665287315844351e+00 4.567228918933067411e-40
1.614616389075325564e+00 4.012488158105772503e-40
1.619582719720479957e+00 3.525070275486017678e-40
1.624564326093196343e+00 3.096814898213160939e-40
1.629561255179443169e+00 2.720548991832396745e-40
1.634573554109710392e+00 2.389967865238375965e-40
1.639601270159454671e+00 2.099530200309972153e-40
1.644644450749545239e+00 1.844365823354338560e-40
1.649703143446711540e+00 1.620194596246209745e-40
1.654777395963991538e+00 1.423255143530187601e-40
1.659867256161181137e+00 1.250242039644364339e-40
1.664972772045287153e+00 1.098250626837488312e-40
1.670093991770977837e+00 9.669954931344769616e-41
1.675230963641039406e+00 8.519871755697157182e-41
1.680383736106830339e+00 7.506515780778242547e-41
1.685552357768738352e+00 6.613642595202650803e-41
1.690736877376639136e+00 5.826936083916232004e-41
1.695937343830356436e+00 5.133779959095586467e-41
1.701153806180122352e+00 4.523056023648280545e-41
1.706386313627040741e+00 3.984966485754497416e-41
1.711634915523551514e+00 3.510877242022887193e-41
1.716899661373894714e+00 3.093179887203342203e-41
1.722180600834579911e+00 2.725169923091866984e-41
1.727477783714851167e+00 2.400939450476148591e-41
1.732791259977159548e+00 2.120726041937355478e-41
1.738121079737634744e+00 1.873233017838447384e-41
1.743467293266554252e+00 1.654623177825980965e-41
1.748829950988821658e+00 1.461527103730401525e-41
1.754209103484439147e+00 1.290968215829058795e-41
1.759604801488986681e+00 1.140317019976621001e-41
1.765017095894099164e+00 1.007250654398452497e-41
1.770446037747947621e+00 8.897171520989967661e-42
1.775891678255718364e+00 7.859038660605099931e-42
1.781354068780099942e+00 6.942095806170255912e-42
1.786833260841763416e+00 6.132198621985830974e-42
1.792329306119850640e+00 5.419433158695704563e-42
1.797842256452461207e+00 4.797988978082848606e-42
1.803372163837141162e+00 4.247867694291305488e-42
1.808919080431374393e+00 3.760884503728293056e-42
1.814483058553072903e+00 3.329793464231673301e-42
1.820064150681071524e+00 2.948179851341478308e-42
1.825662409455621971e+00 2.610364880600416796e-42
1.831277887678891547e+00 2.311321300045670602e-42
1.836910638315456756e+00 2.046598680850803139e-42
1.842560714492808893e+00 1.812257266479172808e-42
1.848228169501848317e+00 1.604809408861043587e-42
1.853913056797394487e+00 1.421167712559316323e-42
1.859615429998683567e+00 1.259651603762830515e-42
1.865335342889876902e+00 1.117781257793871408e-42
1.871072849420569506e+00 9.919423418708554638e-43
1.876828003706298098e+00 8.803220832270317480e-43
1.882600860029048695e+00 7.813126542915413535e-43
1.888391472837773311e+00 6.934880115219357722e-43
1.894199896748899992e+00 6.155833539667190464e-43
1.900026186546849960e+00 5.464769011050147325e-43
1.905870397184552756e+00 4.851737241573221298e-43
1.911732583783966488e+00 4.307914067770788249e-43
1.917612801636594311e+00 3.825473268809143026e-43
1.923511106204010446e+00 3.397473769486879242e-43
1.929427553118380434e+00 3.021059388922719435e-43
1.935362198182985605e+00 2.688318291877574457e-43
1.941315097372751985e+00 2.392584059393713772e-43
1.947286306834774328e+00 2.129729525594856726e-43
1.953275882888849679e+00 1.896088040779857892e-43
1.959283882028005630e+00 1.688402098685225051e-43
1.965310360919035659e+00 1.503777691410468369e-43
1.971355376403029602e+00 1.339643750891728503e-43
1.977418985495916104e+00 1.193716119057607235e-43
1.983501245388993306e+00 1.063965534202458246e-43
1.989602213449473966e+00 9.485891877904721913e-44
1.995721947221023695e+00 8.459854530243200804e-44
2.001860504424302523e+00 7.558153518356917896e-44
2.008017942957513124e+00 6.759247199400275513e-44
2.014194320896945722e+00 6.047238182076111527e-44
2.020389696497520760e+00 5.412597099666210893e-44
2.026604128193346899e+00 4.846841737655661803e-44
2.032837674598264588e+00 4.342421947157728592e-44
2.039090394506406057e+00 3.892617201505181365e-44
2.045362346892741101e+00 3.491445406882426384e-44
2.051653590913641523e+00 3.133581733728012232e-44
2.057964185907435795e+00 2.814286366684627200e-44
2.064294191394965061e+00 2.529340194102312439e-44
2.070643667080152905e+00 2.275209634690988018e-44
2.077012672850560016e+00 2.050484297483762919e-44
2.083401268777954840e+00 1.849508714040341451e-44
2.089809515118877137e+00 1.669720181648581039e-44
2.096237472315208183e+00 1.508834206353598168e-44
2.102685200994737436e+00 1.364814257343522063e-44
2.109152761971740730e+00 1.235844809286540616e-44
2.115640216247546501e+00 1.120307315500573400e-44
2.122147625011115757e+00 1.016758793063071298e-44
2.128675049639618067e+00 9.239127368129236884e-45
2.135222551699011095e+00 8.406221086232894294e-45
2.141790192944620586e+00 7.658641764760177810e-45
2.148378035321720780e+00 6.989085287539952521e-45
2.154986140966124619e+00 6.390992598950636995e-45
2.161614572204762386e+00 5.852570402657305672e-45
2.168263391556274566e+00 5.367540747603736577e-45
2.174932661731599826e+00 4.930297470542517630e-45
2.181622445634568308e+00 4.535833950041770319e-45
2.188332806362491390e+00 4.179678638526259745e-45
2.195063807206758977e+00 3.857837535066595631e-45
2.201815511653437696e+00 3.566742852757469028e-45
2.208587983383867748e+00 3.303207212420199228e-45
2.215381286275262429e+00 3.064382767433348328e-45
2.222195484401314314e+00 2.847724729600682718e-45
2.229030642032796994e+00 2.651675151642025859e-45
2.235886823638172594e+00 2.473927998589334665e-45
2.242764093884196619e+00 2.311964443475681189e-45
2.249662517636533465e+00 2.164201888942128223e-45
2.256582159960362599e+00 2.029223430594167552e-45
2.263523086120995842e+00 1.905760263856505363e-45
2.270485361584491546e+00 1.792675966327870359e-45
2.277469052018272322e+00 1.688952455834094832e-45
2.284474223291744988e+00 1.593677445336746934e-45
2.291500941476921405e+00 1.506033235040935740e-45
2.298549272849040648e+00 1.425286698736481968e-45
2.305619283887194726e+00 1.350780337126053989e-45
2.312711041274957413e+00 1.282161087528456229e-45
2.319824611901011746e+00 1.218688716330681367e-45
2.326960062859776635e+00 1.159803043423143195e-45
2.334117461452052122e+00 1.105086816693875916e-45
2.341296875185636672e+00 1.054164716550716681e-45
2.348498371775980420e+00 1.006698987485767374e-45
2.355722019146812674e+00 9.623855299443302659e-46
2.362967885430787174e+00 9.209504041913208641e-46
2.370236038970124692e+00 8.821467023970938375e-46
2.377526548317257404e+00 8.457517499867541696e-46
2.384839482235472818e+00 8.115646014687136004e-46
2.392174909699567475e+00 7.794037996147353303e-46
2.399532899896492211e+00 7.491778761379403968e-46
2.406913522226008517e+00 7.206539492487434911e-46
2.414316846301340913e+00 6.936962387733585795e-46
2.421742941949834194e+00 6.681854053682756532e-46
2.429191879213613792e+00 6.440131489390324510e-46
2.436663728350242142e+00 6.210810983939373086e-46
2.444158559833386146e+00 5.992998165023099829e-46
2.451676444353478423e+00 5.785879078011440330e-46
2.459217452818386107e+00 5.588712187690394951e-46
2.466781656354078756e+00 5.400821206117563657e-46
2.474369126305298483e+00 5.221588660130949059e-46
2.481979934236234531e+00 5.050484515709848440e-46
2.489614151931197394e+00 4.887102459465194688e-46
2.497271851395295172e+00 4.730786309561473267e-46
2.504953104855114354e+00 4.581107846747719800e-46
2.512657984759400165e+00 4.437673304925084447e-46
2.520386563779738243e+00 4.300120121494206129e-46
2.528138914811244753e+00 4.168114015401269262e-46
2.535915110973248066e+00 4.041346358982290106e-46
2.543715225609981090e+00 3.919531813350893649e-46
2.551539332291275830e+00 3.802406200094296399e-46
2.559387504813252612e+00 3.689724584993394564e-46
2.567259817199019967e+00 3.581259551938195230e-46
2.575156343699367412e+00 3.476818765336751216e-46
2.583077158793472883e+00 3.376209463741059503e-46
2.591022337189600400e+00 3.279215696328461730e-46
2.598991953825805723e+00 3.185667463499613683e-46
2.606986083870643789e+00 3.095405686551416698e-46
2.615004802723876587e+00 3.008281303145101232e-46
2.623048186017186811e+00 2.924154448794247078e-46
2.631116309614887960e+00 2.842893715731876591e-46
2.639209249614641539e+00 2.764375481364885781e-46
2.647327082348176042e+00 2.688483299346400218e-46
2.655469884382003265e+00 2.615107347012779108e-46
2.663637732518143508e+00 2.544143923555753677e-46
2.671830703794850770e+00 2.475502342450487526e-46
2.680048875487335280e+00 2.409085274726029102e-46
2.688292325108496694e+00 2.344799807708544519e-46
2.696561130409652840e+00 2.282562906490542039e-46
2.704855369381273356e+00 2.222295701831212074e-46
2.713175120253715544e+00 2.163923209550173194e-46
2.721520461497962007e+00 2.107374073722528569e-46
2.729891471826360938e+00 2.052580331408607673e-46
2.738288230193368644e+00 1.999477196839826779e-46
2.746710815796296057e+00 1.948002863230570871e-46
2.755159308076048585e+00 1.898098320569408566e-46
2.763633786717886842e+00 1.849714582117933095e-46
2.772134331652167827e+00 1.802801692952560959e-46
2.780661023055104319e+00 1.757296400554560955e-46
2.789213941349519388e+00 1.713148822894292262e-46
2.797793167205605780e+00 1.670311752282639186e-46
2.806398781541685761e+00 1.628739933998007258e-46
2.815030865524975834e+00 1.588389962937547226e-46
2.823689500572349687e+00 1.549220187534644521e-46
2.832374768351109129e+00 1.511190620312892030e-46
2.841086750779752812e+00 1.474267115137886169e-46
2.849825530028748499e+00 1.438413942913133185e-46
2.858591188521308890e+00 1.403590023034677408e-46
2.867383808934168332e+00 1.369761277599487658e-46
2.876203474198364418e+00 1.336895596056116627e-46
2.885050267500017362e+00 1.304960514121093375e-46
2.893924272281117371e+00 1.273925664236895638e-46
2.902825572240308460e+00 1.243761804365534184e-46
2.911754251333682042e+00 1.214440768553824508e-46
2.920710393775564739e+00 1.185935420274532499e-46
2.929694084039315527e+00 1.158219608338898999e-46
2.938705406858120650e+00 1.131268125285003050e-46
2.947744447225795206e+00 1.105056667916737177e-46
2.956811290397580727e+00 1.079561799936511113e-46
2.965906021890954314e+00 1.054760916494192863e-46
2.975028727486430213e+00 1.030632266234710044e-46
2.984179493228373392e+00 1.007154887531950557e-46
2.993358405425808666e+00 9.843083001869341810e-47
3.002565550653232940e+00 9.629154459805702384e-47
3.011801015751436772e+00 9.441781960133302618e-47
3.021064887828320611e+00 9.258322424621625704e-47
3.030357254259714583e+00 9.078686156662054356e-47
3.039678202690205389e+00 8.902785787143788635e-47
3.049027821033961416e+00 8.730536200162667931e-47
3.058406197475564081e+00 8.561854461694657838e-47
3.067813420470836494e+00 8.396659751495699172e-47
3.077249578747680125e+00 8.234873297781890336e-47
3.086714761306909693e+00 8.076418616145358716e-47
3.096209057423096489e+00 7.921220796491230634e-47
3.105732556645404596e+00 7.769206495672320360e-47
3.115285348798440435e+00 7.620304554948938093e-47
3.124867523983097417e+00 7.474445575733239443e-47
3.134479172577407269e+00 7.331561869962914985e-47
3.144120385237390014e+00 7.191587410327855246e-47
3.153791252897912845e+00 7.054457784145262586e-47
3.163491866773544992e+00 6.920110148311952446e-47
3.173222318359417482e+00 6.788483186352872424e-47
3.182982699432089113e+00 6.659517066061340650e-47
3.192773102050409761e+00 6.533153398844509948e-47
3.202593618556388133e+00 6.409335323370405937e-47
3.212444341576065732e+00 6.288007128387297512e-47
3.222325364020386829e+00 6.169114471384330270e-47
3.232236779086077760e+00 6.052604365068609960e-47
3.242178680256524448e+00 5.938425082112829167e-47
3.252151161302653026e+00 5.826526123174897172e-47
3.262154316283819799e+00 5.716858184033895817e-47
3.272188239548689648e+00 5.609373124269382051e-47
3.282253025736132646e+00 5.504023936869052533e-47
3.292348769776114459e+00 5.400764720379555254e-47
3.302475566890592074e+00 5.299550649701473364e-47
3.312633512594409524e+00 5.200337948148940453e-47
3.322822702696205610e+00 5.103083911370417319e-47
3.333043233299307850e+00 5.007746725863524360e-47
3.343295200802646860e+00 4.914285599825235472e-47
3.353578701901661407e+00 4.822660693010197872e-47
3.363893833589213678e+00 4.732833086329307210e-47
3.374240693156499216e+00 4.644764761452136589e-47
3.384619378193968853e+00 4.558418576944069812e-47
3.395029986592249749e+00 4.473758245670292738e-47
3.405472616543062436e+00 4.390748312138696017e-47
3.415947366540153407e+00 4.309354136172150761e-47
3.426454335380224592e+00 4.229541870707901051e-47
3.436993622163859285e+00 4.151278443696464513e-47
3.447565326296460064e+00 4.074531544698633763e-47
3.458169547489188034e+00 3.999269569648045192e-47
3.468806385759899857e+00 3.925461651727514723e-47
3.479475941434094999e+00 3.853077623778397222e-47
3.490178315145858079e+00 3.782088000058206148e-47
3.500913607838810560e+00 3.712463960548128306e-47
3.511681920767063758e+00 3.644177335230492115e-47
3.522483355496167867e+00 3.577200588313124408e-47
3.533318013904080068e+00 3.511506805038302910e-47
3.544185998182114439e+00 3.447069672025396885e-47
3.555087410835914508e+00 3.383863463861450619e-47
3.566022354686415596e+00 3.321863032572899962e-47
3.576990932870813822e+00 3.261043792195005043e-47
3.587993248843543981e+00 3.201381696916889459e-47
3.599029406377249440e+00 3.142853239305741133e-47
3.610099509563765796e+00 3.085435433578716668e-47
3.621203662815096980e+00 3.029105804244930641e-47
3.632341970864406466e+00 2.973842371709317279e-47
3.643514538767000044e+00 2.919623640447117671e-47
3.654721471901320129e+00 2.866428588564088564e-47
3.665962875969936974e+00 2.814236658819976869e-47
3.677238857000547867e+00 2.763027742967652197e-47
3.688549521346976778e+00 2.712782170864489423e-47
3.699894975690175780e+00 2.663480704290172990e-47
3.711275327039233574e+00 2.615104526428928890e-47
3.722690682732380907e+00 2.567635231357458981e-47
3.734141150438008872e+00 2.521054811621193196e-47
3.745626838155679206e+00 2.475345650576182282e-47
3.757147854217145699e+00 2.430490508791959646e-47
3.768704307287376931e+00 2.386472519886830679e-47
3.780296306365575898e+00 2.343275188457600030e-47
3.791923960786215186e+00 2.300882374428345432e-47
3.803587380220060599e+00 2.259278280651465230e-47
3.815286674675215206e+00 2.218447444609428497e-47
3.827021954498145639e+00 2.178374742084105010e-47
3.838793330374732804e+00 2.139045373571587199e-47
3.850600913331308828e+00 2.100444851607048100e-47
3.862444814735708665e+00 2.062558992797390830e-47
3.874325146298319922e+00 2.025373921223858184e-47
3.886242020073131798e+00 1.988876056283704229e-47
3.898195548458799120e+00 1.953052104098322630e-47
3.910185844199697502e+00 1.917889046866695520e-47
3.922213020386988713e+00 1.883374145552515565e-47
3.934277190459687823e+00 1.849494930352536637e-47
3.946378468205729462e+00 1.816239193284194713e-47
3.958516967763047401e+00 1.783594978733156870e-47
3.970692803620642586e+00 1.751550583860713653e-47
3.982906090619672934e+00 1.720094551649331249e-47
3.995156943954528916e+00 1.689215663030575808e-47
4.007445479173923353e+00 1.660288710475341719e-47
4.019771812181978099e+00 1.632736797723739804e-47
4.032136059239324943e+00 1.605629262936959572e-47
4.044538336964190961e+00 1.578959254425230952e-47
4.056978762333507404e+00 1.552720024967276068e-47
4.069457452684009269e+00 1.526904931700934639e-47
4.081974525713344626e+00 1.501507434366157115e-47
4.094530099481180407e+00 1.476521093417016957e-47
4.107124292410313515e+00 1.451939568180892396e-47
4.119757223287807690e+00 1.427756615598652486e-47
4.132429011266081531e+00 1.403966088735720231e-47
4.145139775864062237e+00 1.380561934953004913e-47
4.157889636968290503e+00 1.357538195142005024e-47
4.170678714834068934e+00 1.334889001560251034e-47
4.183507130086582926e+00 1.312608576514981109e-47
4.196375003722047303e+00 1.290691231053693750e-47
4.209282457108841413e+00 1.269131364289838632e-47
4.222229611988660203e+00 1.247923461042356411e-47
4.235216590477653753e+00 1.227062090446273156e-47
4.248243515067587239e+00 1.206541904929772036e-47
4.261310508626993787e+00 1.186357639951277727e-47
4.274417694402329992e+00 1.166504111495500058e-47
4.287565196019142988e+00 1.146976214409861832e-47
4.300753137483232180e+00 1.127789613163493635e-47
4.313981643181826087e+00 1.108996286517524419e-47
4.327250837884747625e+00 1.090512152418379786e-47
4.340560846745591839e+00 1.072332429860899464e-47
4.353911795302911614e+00 1.054452410994796117e-47
4.367303809481398069e+00 1.036867461322567402e-47
4.380737015593065387e+00 1.019573017500425182e-47
4.394211540338452515e+00 1.002564585014128647e-47
4.407727510807804450e+00 9.858377380055036590e-48
4.421285054482281929e+00 9.693884265199882884e-48
4.434884299235156924e+00 9.532133202715117866e-48
4.448525373333023225e+00 9.373069042079751342e-48
4.462208405437003478e+00 9.216650174513685212e-48
4.475933524603965097e+00 9.062835639070955447e-48
4.489700860287733519e+00 8.911585109360795904e-48
4.503510542340317002e+00 8.762858857835416367e-48
4.517362701013133197e+00 8.616617760796227508e-48
4.531257466958230395e+00 8.472823302394941931e-48
4.545194971229524761e+00 8.331437567968591115e-48
4.559175345284036673e+00 8.192423199433769887e-48
4.573198720983129739e+00 8.055743405483003195e-48
4.587265230593753351e+00 7.921361963898035364e-48
4.601375006789694133e+00 7.789243223259539118e-48
4.615528182652819389e+00 7.659352048974483541e-48
4.629724891674340981e+00 7.531653836949446552e-48
4.643965267756070325e+00 7.406114516220350564e-48
4.658249445211680495e+00 7.282700557774459313e-48
4.672577558767977202e+00 7.161378912452768019e-48
4.686949743566163562e+00 7.042117026945911680e-48
4.701366135163118187e+00 6.924882846892852323e-48
4.715826869532673271e+00 6.809644832579421981e-48
4.730332083066902449e+00 6.696371889738116896e-48
4.744881912577393557e+00 6.585033386122499501e-48
4.759476495296555143e+00 6.475599155538073921e-48
4.774115968878896332e+00 6.368039522248368486e-48
4.788800471402336001e+00 6.262325222660561310e-48
4.803530141369500406e+00 6.158427422714720505e-48
4.818305117709032359e+00 6.056317722971126451e-48
4.833125539776892410e+00 5.955968191115539421e-48
4.847991547357689335e+00 5.857351276607081058e-48
4.862903280665983985e+00 5.760439826850553002e-48
4.877860880347618000e+00 5.665207094092911255e-48
4.892864487481039859e+00 5.571626774232874893e-48
4.907914243578635372e+00 5.479672918315523054e-48
4.923010290588064386e+00 5.389319943449622954e-48
4.938152770893592169e+00 5.300542643334378002e-48
4.953341827317444768e+00 5.213316232583681825e-48
4.968577603121145714e+00 5.127616257225379824e-48
4.983860242006868724e+00 5.043418597689910544e-48
4.999189888118796610e+00 4.960699484183138821e-48
5.014566686044481969e+00 4.876471411836128338e-48
5.029990780816204321e+00 4.793635584655711948e-48
5.045462317912342343e+00 4.712333861568252036e-48
5.060981443258746104e+00 4.632539968515569521e-48
5.076548303230116410e+00 4.554228115502652122e-48
5.092163044651376147e+00 4.477372909192120073e-48
5.107825814799062947e+00 4.401949332778853725e-48
5.123536761402716522e+00 4.327932766316936943e-48
5.139296032646273105e+00 4.255299038927378211e-48
5.155103777169459001e+00 4.184024353858572813e-48
5.170960144069195685e+00 4.114085251865025348e-48
5.186865282901007568e+00 4.045458637783378829e-48
5.202819343680429753e+00 3.978121831401661826e-48
5.218822476884422912e+00 3.912052509289667739e-48
5.234874833452793474e+00 3.847228648154802353e-48
5.250976564789616496e+00 3.783628562224052014e-48
5.267127822764669176e+00 3.721230943635384376e-48
5.283328759714852829e+00 3.660014830520119381e-48
5.299579528445637067e+00 3.599959528053413497e-48
5.315880282232500420e+00 3.541044653001658057e-48
5.332231174822376296e+00 3.483250169527637473e-48
5.348632360435098043e+00 3.426556375699594242e-48
5.365083993764863557e+00 3.370943810870094406e-48
5.381586229981676794e+00 3.316393304130069591e-48
5.398139224732836361e+00 3.262886003480697927e-48
5.414743134144378800e+00 3.210403379602039617e-48
5.431398114822569845e+00 3.158927126421404690e-48
5.448104323855369913e+00 3.108439208860728512e-48
5.464861918813920028e+00 3.058921884992837372e-48
5.481671057754028631e+00 3.010357724296765901e-48
5.498531899217659280e+00 2.962729507746118251e-48
5.515444602234431670e+00 2.916020271177330243e-48
5.532409326323114662e+00 2.870213321576723010e-48
5.549426231493135298e+00 2.825292260700281400e-48
5.566495478246087814e+00 2.781240896845116801e-48
5.583617227577246211e+00 2.738043277830852556e-48
5.600791640977080377e+00 2.695683700636591800e-48
5.618018880432788187e+00 2.654146735349300544e-48
5.635299108429809856e+00 2.613417153947003697e-48
5.652632487953371587e+00 2.573479951160526133e-48
5.670019182490018572e+00 2.534320348076215016e-48
5.687459356029159530e+00 2.495923806460139565e-48
5.704953173064605032e+00 2.458275983929176321e-48
5.722500798596132476e+00 2.421362739379994107e-48
5.740102398131032402e+00 2.385170130482685404e-48
5.757758137685669020e+00 2.349684414002402042e-48
5.775468183787054066e+00 2.314892030908155785e-48
5.793232703474409995e+00 2.280779597222342006e-48
5.811051864300749159e+00 2.247333895479762730e-48
5.828925834334452105e+00 2.214541861961090439e-48
5.846854782160855635e+00 2.182390598955754793e-48
5.864838876883839980e+00 2.150867357497960067e-48
5.882878288127423971e+00 2.119959525535534990e-48
5.900973186037368201e+00 2.089654602553272246e-48
5.919123741282776408e+00 2.059940236956674225e-48
5.937330125057702190e+00 2.030804210042290036e-48
5.955592509082776154e+00 2.002234421058746850e-48
5.973911065606811732e+00 1.974218855986087357e-48
5.992285967408433223e+00 1.946745644981091983e-48
6.010717387797713585e+00 1.919720104035565611e-48
6.029205500617799807e+00 1.893159099243145918e-48
6.047750480246551597e+00 1.867112109441615973e-48
6.066352501598196945e+00 1.841567539122100942e-48
6.085011740124971702e+00 1.816513965267384391e-48
6.103728371818778697e+00 1.791940124682158206e-48
6.122502573212845967e+00 1.767834887114411226e-48
6.141334521383393863e+00 1.744187324694009944e-48
6.160224393951303057e+00 1.720986736344890695e-48
6.179172369083792304e+00 1.698222632323117674e-48
6.198178625496095329e+00 1.675884714999442693e-48
6.217243342453147470e+00 1.653962938771883092e-48
6.236366699771284772e+00 1.632447549697736865e-48
6.255548877819924414e+00 1.611329065410466905e-48
6.274790057523278008e+00 1.590598261375705037e-48
6.294090420362054239e+00 1.570246213399786670e-48
6.313450148375169491e+00 1.550264346766150113e-48
6.332869424161467364e+00 1.530644408927416460e-48
6.352348430881439079e+00 1.511378456660489277e-48
6.371887352258950976e+00 1.492458879027142792e-48
6.391486372582977360e+00 1.473878446961102726e-48
6.411145676709343988e+00 1.455630278442266726e-48
6.430865450062459132e+00 1.437707822509971670e-48
6.450645878637075725e+00 1.420104863041808785e-48
6.470487149000038407e+00 1.402815562275541705e-48
6.490389448292045671e+00 1.385834419326881336e-48
6.510352964229411121e+00 1.369156249192300620e-48
6.530377885105843383e+00 1.352724931354959674e-48
6.550464399794210024e+00 1.336587144728316990e-48
6.570612697748328124e+00 1.320739521894573511e-48
6.590822969004745069e+00 1.305178066709001778e-48
6.611095404184534452e+00 1.289899025847062962e-48
6.631430194495095520e+00 1.274898913479431656e-48
6.651827531731950849e+00 1.260174465714783704e-48
6.672287608280560889e+00 1.245722612701665323e-48
6.692810617118136740e+00 1.231540449049814765e-48
6.713396751815459140e+00 1.217510792126632760e-48
6.734046206538704560e+00 1.203743788865377005e-48
6.754759176051278402e+00 1.190240769494781304e-48
6.775535855715649092e+00 1.176999322458459746e-48
6.796376441495193710e+00 1.164017133700403306e-48
6.817281129956042740e+00 1.151291952200365628e-48
6.838250118268939914e+00 1.138821566577536760e-48
6.859283604211095842e+00 1.126603779011733882e-48
6.880381786168054958e+00 1.114636417721473559e-48
6.901544863135566921e+00 1.102917311076894997e-48
6.922773034721467766e+00 1.091444270127738094e-48
6.944066501147553971e+00 1.080215068255175694e-48
6.965425463251481375e+00 1.069227454293111345e-48
6.986850122488649895e+00 1.058479135322290302e-48
7.008340680934106004e+00 1.047951138980612840e-48
7.029897341284456758e+00 1.037632870690091958e-48
7.051520306859768716e+00 1.027548696092692377e-48
7.073209781605496183e+00 1.017696014641600984e-48
7.094965970094397889e+00 1.008072160345300327e-48
7.116789077528472340e+00 9.986743937974118601e-49
7.138679309740886936e+00 9.894999158886497683e-49
7.160636873197923968e+00 9.805458659923091257e-49
7.182661975000928400e+00 9.718093191559883507e-49
7.204754822888260080e+00 9.632872831185186164e-49
7.226915625237246843e+00 9.549767108681958578e-49
7.249144591066161603e+00 9.468745035271602036e-49
7.271441930036185219e+00 9.389775104385525261e-49
7.293807852453385365e+00 9.312825286038209221e-49
7.316242569270706042e+00 9.237863142008510732e-49
7.338746292089943779e+00 9.164855883196524271e-49
7.361319233163762910e+00 9.093770377244384325e-49
7.383961605397677985e+00 9.024573169551392540e-49
7.406673622352078823e+00 8.957230569516399656e-49
7.429455498244227130e+00 8.891708727845361070e-49
7.452307447950293984e+00 8.827973646104763735e-49
7.475229687007377777e+00 8.765991203712982583e-49
7.498222431615532813e+00 8.705727226554226014e-49
7.521285898639822776e+00 8.647147563719326093e-49
7.544420305612350219e+00 8.590218096447948666e-49
7.567625870734319804e+00 8.534904769894044735e-49
7.590902812878090877e+00 8.481173637117700661e-49
7.614251351589243377e+00 8.428990935398295091e-49
7.637671707088646400e+00 8.378323092131728141e-49
7.661164100274537425e+00 8.329136750000526404e-49
7.684728752724609535e+00 8.281398799790780323e-49
7.708365886698094194e+00 8.235076445438039700e-49
7.732075725137857347e+00 8.190137209092807114e-49
7.755858491672513289e+00 8.146548949472838959e-49
7.779714410618518095e+00 8.104279886667461434e-49
7.803643706982302142e+00 8.063298653541533311e-49
7.827646606462374201e+00 8.023574300783283674e-49
7.851723335451465502e+00 7.985076311522142896e-49
7.875874121038657805e+00 7.947774618500501528e-49
7.900099191011528355e+00 7.911639644902109829e-49
7.924398773858294831e+00 7.876642308695778895e-49
7.948773098769968293e+00 7.842754037589072150e-49
7.973222395642524774e+00 7.809946777589408952e-49
7.997746895079068885e+00 7.778193029320197684e-49
8.022346828392000972e+00 7.750095358748640368e-49
8.047022427605210027e+00 7.723173377909685149e-49
8.071773925456254162e+00 7.697133891384956576e-49
8.096601555398562411e+00 7.671954187847762344e-49
8.121505551603638295e+00 7.647612118278888048e-49
8.146486148963250074e+00 7.624086112127439690e-49
8.171543583091668950e+00 7.601355190914936970e-49
8.196678090327884192e+00 7.579398996509733608e-49
8.221889907737820025e+00 7.558197806833388306e-49
8.247179273116595155e+00 7.537732554777099751e-49
8.272546424990741443e+00 7.517984847325369845e-49
8.297991602620470530e+00 7.498936995166360774e-49
8.323515046001920936e+00 7.480572034705149141e-49
8.349116995869430013e+00 7.462873755138764929e-49
8.374797693697793477e+00 7.445826723623148537e-49
8.400557381704553350e+00 7.429416320786176096e-49
8.426396302852275255e+00 7.413628772036855650e-49
8.452314700850847018e+00 7.398451183026704178e-49
8.478312820159770169e+00 7.383871576294921093e-49
8.504390905990472760e+00 7.369878932935099041e-49
8.530549204308615074e+00 7.356463235794397779e-49
8.556787961836413103e+00 7.343615513814258508e-49
8.583107426054965572e+00 7.331327889824125953e-49
8.609507845206586296e+00 7.319593629407776110e-49
8.635989468297154303e+00 7.308407190919894518e-49
8.662552545098447965e+00 7.297764275653096244e-49
8.689197326150509326e+00 7.287661878535599201e-49
8.715924062764008440e+00 7.278098333563023271e-49
8.742733007022609470e+00 7.269073356835291777e-49
8.769624411785349238e+00 7.260588081682008212e-49
8.796598530689026418e+00 7.252645082866819480e-49
8.823655618150587188e+00 7.245248385069408496e-49
8.850795929369530413e+00 7.238403450318733196e-49
8.878019720330311060e+00 7.232117138262136868e-49
8.905327247804754265e+00 7.226397629976375032e-49
8.932718769354483612e+00 7.221254303231405142e-49
8.960194543333336981e+00 7.216697548858283498e-49
8.987754828889825021e+00 7.212738512932934594e-49
9.015399885969552329e+00 7.207775767198529474e-49
9.043129975317679481e+00 7.202230525162073458e-49
9.070945358481390386e+00 7.197417836922811027e-49
9.098846297812338335e+00 7.193343151215461639e-49
9.126833056469143557e+00 7.190009666096942904e-49
9.154905898419864130e+00 7.187417202154409267e-49
9.183065088444477553e+00 7.185560859805170953e-49
9.211310892137396067e+00 7.184429454004098118e-49
9.239643575909955331e+00 7.184003730529287191e-49
9.268063406992943953e+00 7.184254388516317601e-49
9.296570653439106380e+00 7.185139959999665398e-49
9.325165584125683083e+00 7.186604634788311114e-49
9.353848468756940093e+00 7.188576154483201109e-49
9.382619577866712746e+00 7.190963949153798321e-49
9.411479182820974287e+00 7.193657731726677419e-49
9.440427555820358307e+00 7.196526802592049648e-49
9.469464969902771756e+00 7.199420334045389209e-49
9.498591698945933359e+00 7.202168890885348873e-49
9.527808017669974205e+00 7.204587392250291105e-49
9.557114201640025897e+00 7.206479616549980302e-49
9.586510527268819359e+00 7.207644203596110814e-49
9.615997271819292536e+00 7.207881922613300472e-49
9.645574713407199852e+00 7.207003778415696506e-49
9.675243131003753660e+00 7.204839352878513218e-49
9.705002804438221276e+00 7.201244665806209130e-49
9.734854014400605493e+00 7.196108816840392298e-49
9.764797042444254060e+00 7.189358759952850454e-49
9.794832170988550857e+00 7.180961752656130260e-49
9.824959683321544901e+00 7.170925287569527509e-49
9.855179863602653967e+00 7.159294602236213264e-49
9.885492996865311355e+00 7.146470285674487235e-49
9.915899369019697929e+00 7.132329475340897022e-49
9.946399266855388888e+00 7.116893325901932378e-49
9.976992978044096461e+00 7.100300555267494808e-49
1.000768079114236819e+01 7.082799346553005052e-49
1.003846299559431188e+01 7.064726472041141950e-49
1.006933988173431871e+01 7.045905155578005909e-49
1.010031174078980776e+01 7.026468563620608583e-49
1.013137886488399175e+01 7.006538672941084686e-49
1.016254154703857537e+01 6.986505181009260081e-49
1.019380008117659564e+01 6.966271612950597843e-49
1.022515476212512375e+01 6.945821388146028211e-49
1.025660588561810016e+01 6.925223366952180620e-49
1.028815374829908258e+01 6.904534087060858217e-49
1.031979864772407929e+01 6.883798850542341413e-49
1.035154088236432379e+01 6.863052933040031946e-49
1.038338075160911522e+01 6.842322827966902170e-49
1.041531855576862320e+01 6.821627463649339983e-49
1.044735459607674244e+01 6.800979351186955169e-49
1.047948917469389585e+01 6.780385637941932278e-49
1.051172259470993886e+01 6.759849053014205290e-49
1.054405516014695721e+01 6.739368741284569284e-49
1.057648717596219612e+01 6.718940987979283401e-49
1.060901894805089007e+01 6.698559840104872834e-49
1.064165078324915648e+01 6.678217633579127120e-49
1.067438298933691421e+01 6.657905435528143935e-49
1.070721587504075245e+01 6.637613411956228461e-49
1.074014975003687944e+01 6.617331130619659541e-49
1.077318492495399838e+01 6.597047808004727928e-49
1.080632171137628816e+01 6.576752508796025386e-49
1.083956042184629531e+01 6.556434305462462743e-49
1.087290136986791822e+01 6.536082404174702228e-49
1.090634486990933461e+01 6.515686242993340407e-49
1.093989123740599823e+01 6.495235566878940488e-49
1.097354078876357875e+01 6.474720484493763489e-49
1.100729384136098332e+01 6.454131507185665128e-49
1.104115071355331601e+01 6.433459578929425087e-49
1.107511172467490823e+01 6.412696094009952364e-49
1.110917719504230483e+01 6.391832907261894565e-49
1.114334744595731053e+01 6.370862337818317888e-49
1.117762279971001149e+01 6.349777168201673632e-49
1.121200357958179517e+01 6.328570639116169809e-49
1.124649010984843578e+01 6.307236441690507604e-49
1.128108271578311594e+01 6.285768707484554454e-49
1.131578172365953527e+01 6.264161996648792670e-49
1.135058746075494085e+01 6.242411284204188034e-49
1.138550025535325183e+01 6.220511946360861082e-49
1.142052043674813611e+01 6.198459752537250813e-49
1.145564833524613135e+01 6.176250844306910303e-49
1.149088428216973590e+01 6.153881723857445542e-49
1.152622860986057063e+01 6.131349240048172548e-49
1.156168165168246276e+01 6.108650574943779707e-49
1.159724374202465214e+01 6.085783230505502578e-49
1.163291521630488035e+01 6.062745015871703793e-49
1.166869641097261123e+01 6.039534034918004743e-49
1.170458766351217683e+01 6.016148674447243081e-49
1.174058931244593929e+01 5.992587592769394960e-49
1.177670169733754335e+01 5.968849647904448604e-49
1.181292515879504634e+01 5.944934018490187033e-49
1.184926003847420262e+01 5.920840171735966431e-49
1.188570667908161838e+01 5.896567744047827977e-49
1.192226542437804682e+01 5.872116594167027378e-49
1.195893661918157314e+01 5.847486794120125254e-49
1.199572060937092211e+01 5.822678621176403825e-49
1.203261774188866085e+01 5.797692549907421722e-49
1.206962836474453127e+01 5.772529244875857538e-49
1.210675282701867950e+01 5.747189553288312006e-49
1.214399147886500074e+01 5.721674498512839627e-49
1.218134467151437939e+01 5.695985273611416449e-49
1.221881275727806404e+01 5.670123237343583763e-49
1.225639608955095916e+01 5.644089902135254598e-49
1.229409502281493971e+01 5.617886934139722363e-49
1.233190991264224756e+01 5.591516147398029496e-49
1.236984111569879019e+01 5.564979498096778872e-49
1.240788898974754240e+01 5.538279079784975519e-49
1.244605389365189474e+01 5.511417118719240059e-49
1.248433618737906770e+01 5.484395969738677319e-49
1.252273623200347430e+01 5.457218112068984728e-49
1.256125438971015029e+01 5.429886145340866572e-49
1.259989102379815229e+01 5.402402785870586673e-49
1.263864649868400747e+01 5.374770863089068233e-49
1.267752117990511529e+01 5.346993316325422938e-49
1.271651543412324514e+01 5.319073190766334689e-49
1.275562962912793630e+01 5.291013635077782225e-49
1.279486413384001153e+01 5.262817898191008226e-49
1.283421931831505169e+01 5.234489326456655113e-49
1.287369555374685071e+01 5.206031360603695533e-49
1.291329321247096473e+01 5.177447533607887067e-49
1.295301266796817963e+01 5.148741467744897975e-49
1.299285429486808319e+01 5.119916872340447894e-49
1.303281846895253970e+01 5.090977541475829990e-49
1.307290556715929597e+01 5.061927351767244057e-49
1.311311596758547537e+01 5.032770260264299003e-49
1.315345004949119811e+01 5.003510302442649819e-49
1.319390819330311615e+01 4.974151590164332924e-49
1.323449078061804407e+01 4.944698309979715557e-49
1.327519819420649938e+01 4.915154721405641695e-49
1.331603081801638844e+01 4.885525155033635407e-49
1.335698903717654673e+01 4.855814011234918871e-49
1.339807323800043548e+01 4.826025758561282803e-49
1.343928380798976718e+01 4.796164932197134198e-49
1.348062113583812760e+01 4.766236132683295058e-49
1.352208561143470078e+01 4.736244024644679123e-49
1.356367762586787684e+01 4.706193335581322255e-49
1.360539757142901607e+01 4.676088854628074425e-49
1.364724584161608334e+01 4.645935431757612396e-49
1.368922283113741045e+01 4.615737976394958153e-49
1.373132893591537140e+01 4.585501456798917863e-49
1.377356455309016781e+01 4.555230899018735481e-49
1.381593008102352016e+01 4.524931386223916090e-49
1.385842591930247991e+01 4.494608057740851935e-49
1.390105246874314737e+01 4.464266108546056127e-49
1.394381013139449621e+01 4.433910788762835261e-49
1.398669931054212867e+01 4.403547402661235971e-49
1.402972041071210718e+01 4.373181308631732334e-49
1.407287383767476641e+01 4.342817918296162698e-49
1.411615999844850400e+01 4.312462696472585445e-49
1.415957930130368858e+01 4.282121160629868775e-49
1.420313215576642740e+01 4.251798880493825189e-49
1.424681897262251162e+01 4.221501478041364499e-49
1.429064016392121950e+01 4.191234627011848113e-49
1.433459614297925988e+01 4.161004052853543910e-49
1.437868732438461805e+01 4.130815532724547685e-49
1.442291412400052231e+01 4.100674894975594526e-49
1.446727695896931287e+01 4.070588019546007269e-49
1.451177624771641561e+01 4.040560837625727217e-49
1.455641240995426244e+01 4.010599331578273935e-49
1.460118586668627572e+01 3.980709535171713928e-49
1.464609704021080816e+01 3.950897533379540097e-49
1.469114635412515213e+01 3.921169462509727906e-49
1.473633423332953285e+01 3.891531509996288674e-49
1.478166110403107858e+01 3.861989914813531571e-49
1.482712739374790800e+01 3.832550966963843068e-49
1.487273353131309683e+01 3.803221007868082393e-49
1.491847994687876344e+01 3.774006430073721201e-49
1.496436707192010829e+01 3.744913677273261936e-49
1.501039533923949421e+01 3.715949244113035842e-49
1.505656518297050717e+01 3.687119675979637765e-49
1.510287703858209518e+01 3.658431569087851317e-49
1.514933134288260774e+01 3.629891569639665176e-49
1.519592853402399868e+01 3.601506373846968260e-49
1.524266905150586915e+01 3.573282727243655848e-49
1.528955333617970602e+01 3.545227424182712416e-49
1.533658183025294619e+01 3.517347307102965405e-49
1.538375497729322738e+01 3.489649265576704095e-49
1.543107322223253242e+01 3.462140235644785508e-49
1.547853701137137428e+01 3.434827198192215490e-49
1.552614679238304873e+01 3.407717178118068577e-49
1.557390301431779989e+01 3.380817242412214313e-49
1.562180612760712606e+01 3.354134498804450049e-49
1.566985658406794713e+01 3.327676093519279271e-49
1.571805483690694238e+01 3.301449209385359631e-49
1.576640134072476052e+01 3.275461063294489400e-49
1.581489655152036811e+01 3.249718903465438354e-49
1.586354092669528804e+01 3.224230006658252810e-49
1.591233492505797820e+01 3.199001674787014937e-49
1.596127900682809120e+01 3.174041231472302923e-49
1.601037363364088861e+01 3.149356018041383609e-49
1.605961926855151489e+01 3.124953389397253483e-49
1.610901637603943470e+01 3.100840709458442404e-49
1.615856542201279211e+01 3.077025346328768701e-49
1.620826687381276088e+01 3.053514666812432984e-49
1.625812120021803153e+01 3.030316031105429844e-49
1.630812887144915990e+01 3.007436786523513792e-49
1.635829035917306129e+01 2.984884261223742020e-49
1.640860613650740163e+01 2.962665757558256101e-49
1.645907667802511654e+01 2.940788545023940688e-49
1.650970245975883444e+01 2.919259852684939174e-49
1.656048395920543115e+01 2.898086861550857355e-49
1.661142165533044235e+01 2.877276696640170389e-49
1.666251602857268566e+01 2.856836418457983420e-49
1.671376756084869442e+01 2.836773014515038649e-49
1.676517673555735044e+01 2.817093390789686343e-49
1.681674403758437464e+01 2.797804362414517661e-49
1.686846995330692778e+01 2.778912645010164103e-49
1.692035497059822546e+01 2.760424845440821824e-49
1.697239957883206429e+01 2.742347452617729702e-49
1.702460426888753986e+01 2.724686828823317490e-49
1.707696953315357291e+01 2.707449200566937238e-49
1.712949586553364156e+01 2.690640650027410159e-49
1.718218376145036430e+01 2.674267106805289675e-49
1.723503371785024640e+01 2.658334339581244440e-49
1.728804623320830558e+01 2.642847949440199436e-49
1.734122180753280773e+01 2.627813362297515409e-49
1.739456094236996009e+01 2.613235822431724046e-49
1.744806414080867896e+01 2.599120387587736229e-49
1.750173190748527929e+01 2.585471923283949114e-49
1.755556474858830285e+01 2.572295099517570887e-49
1.760956317186321485e+01 2.559594387274525225e-49
1.766372768661726411e+01 2.547374056479141331e-49
1.771805880372425435e+01 2.535638174645604049e-49
1.777255703562933675e+01 2.524390606605065290e-49
1.782722289635391277e+01 2.513635015164304097e-49
1.788205690150039473e+01 2.503374862599525298e-49
1.793705956825715830e+01 2.493613412735671585e-49
1.799223141540334225e+01 2.484353734403201014e-49
1.804757296331380800e+01 2.475598704566641843e-49
1.810308473396398554e+01 2.467351012283243070e-49
1.815876725093484723e+01 2.459613163200653409e-49
1.821462103941780697e+01 2.452387483975632085e-49
1.827064662621972957e+01 2.445676125858562223e-49
1.832684453976780858e+01 2.439481068811001744e-49
1.838321531011466803e+01 2.433804123727589993e-49
1.843975946894324025e+01 2.428646934816171816e-49
1.849647754957186763e+01 2.424010979501807999e-49
1.855337008695931900e+01 2.419897567492242764e-49
1.861043761770977767e+01 2.416307837432382798e-49
1.866768068007798576e+01 2.413242751386209377e-49
1.872509981397425349e+01 2.410703086879568181e-49
1.878269556096960002e+01 2.408689425986219726e-49
1.884046846430080890e+01 2.407202141685965111e-49
1.889841906887563283e+01 2.406241380893433150e-49
1.895654792127782429e+01 2.405807044054437016e-49
1.901485556977240421e+01 2.405898761881893655e-49
1.907334256431072816e+01 2.406515868120288462e-49
1.913200945653576923e+01 2.407657369782681893e-49
1.919085679978724457e+01 2.409321913783480026e-49
1.924988514910688764e+01 2.411507750681156129e-49
1.930909506124363872e+01 2.414212696186981933e-49
1.936848709465893137e+01 2.417434089920568396e-49
1.942806180953196815e+01 2.421168752691296690e-49
1.948781976776492897e+01 2.425412942202280138e-49
1.954776153298839247e+01 2.430162307933681209e-49
1.960788767056652304e+01 2.435411845610060729e-49
1.966819874760250286e+01 2.441155852264095091e-49
1.972869533294383260e+01 2.447387881865044631e-49
1.978937799718771728e+01 2.454100702820168809e-49
1.985024731268639542e+01 2.461286257596052335e-49
1.991130385355264565e+01 2.468935625212362575e-49
1.997254819566508033e+01 2.477038987005814008e-49
2.003398091667366643e+01 2.485587131784143029e-49
2.009560259600511856e+01 2.494568052875100026e-49
2.015741381486840922e+01 2.503967835363186510e-49
2.021941515626020092e+01 2.513772823494194359e-49
2.028160720497037772e+01 2.523968365205205254e-49
2.034399054758758041e+01 2.534538810572978829e-49
2.040656577250467052e+01 2.545467515968666171e-49
2.046933346992436498e+01 2.556736855432631323e-49
2.053229423186472147e+01 2.568328239340808736e-49
2.059544865216478726e+01 2.580222139222946594e-49
2.065879732649015921e+01 2.592398120591094212e-49
2.072234085233863965e+01 2.604834881710262287e-49
2.078607982904581775e+01 2.617510299748679457e-49
2.085001485779078223e+01 2.630401482872304665e-49
2.091414654160173470e+01 2.643484828731238786e-49
2.097847548536174500e+01 2.656736088457103216e-49
2.104300229581436810e+01 2.670130436138884753e-49
2.110772758156946338e+01 2.683642542903796589e-49
2.117265195310885773e+01 2.697246655072454975e-49
2.123777602279212928e+01 2.710916676593457200e-49
2.130310040486243750e+01 2.724626253713745692e-49
2.136862571545218259e+01 2.738348862328129851e-49
2.143435257258898829e+01 2.752057897531846063e-49
2.150028159620136847e+01 2.765726763142140513e-49
2.156641340812470631e+01 2.779328962840994958e-49
2.163274863210702392e+01 2.792838190092640912e-49
2.169928789381493672e+01 2.806228417461017765e-49
2.176603182083947985e+01 2.819473984396094517e-49
2.183298104270211226e+01 2.832549682700068057e-49
2.190013619086057162e+01 2.845430839198840363e-49
2.196749789871492453e+01 2.858093395136038209e-49
2.203506680161341080e+01 2.870513981520979048e-49
2.210284353685860026e+01 2.882669990700189599e-49
2.217082874371321211e+01 2.894539642375158280e-49
2.223902306340633572e+01 2.906102045440758973e-49
2.230742713913936726e+01 2.917337253574590767e-49
2.237604161609206344e+01 2.928226316103587682e-49
2.244486714142869843e+01 2.938751322142601225e-49
2.251390436430411768e+01 2.948895439388566727e-49
2.258315393586988051e+01 2.958642946760598676e-49
2.265261650928038151e+01 2.967979260835614479e-49
2.272229273969905350e+01 2.976890956135566334e-49
2.279218328430447826e+01 2.985365779832008146e-49
2.286228880229668547e+01 2.993392660307752913e-49
2.293260995490323850e+01 3.000961710113995732e-49
2.300314740538560798e+01 3.008064223288362091e-49
2.307390181904530380e+01 3.014692668140444794e-49
2.314487386323026286e+01 3.020840673634287358e-49
2.321606420734104859e+01 3.026503012921367936e-49
2.328747352283722805e+01 3.031675580918267390e-49
2.335910248324368865e+01 3.036355368794088781e-49
2.343095176415694780e+01 3.040540434396256379e-49
2.350302204325160815e+01 3.044229869854307533e-49
2.357531400028666724e+01 3.047423765137328756e-49
2.364782831711199762e+01 3.050123170474582061e-49
2.372056567767468849e+01 3.052330055332800284e-49
2.379352676802563593e+01 3.054047266101245407e-49
2.386671227632584902e+01 3.055278482246879363e-49
2.394012289285309691e+01 3.056028171102972240e-49
2.401375931000826824e+01 3.056301541652349008e-49
2.408762222232204664e+01 3.056104498162407790e-49
2.416171232646135181e+01 3.055443593263519328e-49
2.423603032123596890e+01 3.054325980615398208e-49
2.431057690760511747e+01 3.052759369062457340e-49
2.438535278868405598e+01 3.050751975453343826e-49
2.446035866975077155e+01 3.048312480080537077e-49
2.453559525825252408e+01 3.045449981068121369e-49
2.461106326381263187e+01 3.042173951527492090e-49
2.468676339823706556e+01 3.038494196680864421e-49
2.476269637552126568e+01 3.034420813017054942e-49
2.483886291185676143e+01 3.029964148380702241e-49
2.491526372563804514e+01 3.025134763665943351e-49
2.499189953746923720e+01 3.019943396882841516e-49
2.506877107017096762e+01 3.014400927574607947e-49
2.514587904878714042e+01 3.008518343926997466e-49
2.522322420059181525e+01 3.002306711006800827e-49
2.530080725509600725e+01 2.995777141564575233e-49
2.537862894405464331e+01 2.988940767603614370e-49
2.545669000147338323e+01 2.981808714264294893e-49
2.553499116361562571e+01 2.974392075478854048e-49
2.561353316900939703e+01 2.966701890835892746e-49
2.569231675845429663e+01 2.958749124995156063e-49
2.577134267502857767e+01 2.950544647657110139e-49
2.585061166409603928e+01 2.942099216152159723e-49
2.593012447331316750e+01 2.933423458930758850e-49
2.600988185263608443e+01 2.924527860547415886e-49
2.608988455432771048e+01 2.915422748346655276e-49
2.617013333296477740e+01 2.906118280924171879e-49
2.625062894544504033e+01 2.896624436404863283e-49
2.633137215099431216e+01 2.886951003942143455e-49
2.641236371117372528e+01 2.877107574820060594e-49
2.649360438988680855e+01 2.867103535484848643e-49
2.657509495338682370e+01 2.856948061692052273e-49
2.665683617028383878e+01 2.846650112890590985e-49
2.673882881155211777e+01 2.836218428453563380e-49
2.682107365053731129e+01 2.825661524301587939e-49
2.690357146296375745e+01 2.814987690290543857e-49
2.698632302694183949e+01 2.804204988693638825e-49
2.706932912297526173e+01 2.793321253176420228e-49
2.715259053396849609e+01 2.782344087925399554e-49
2.723610804523406159e+01 2.771280868686666582e-49
2.731988244450004544e+01 2.760138743061781526e-49
2.740391452191740740e+01 2.748924631649499694e-49
2.748820507006757197e+01 2.737645230282310036e-49
2.757275488396976826e+01 2.726307011609067875e-49
2.765756476108864703e+01 2.714916227867664607e-49
2.774263550134168810e+01 2.703478913850379564e-49
2.782796790710685642e+01 2.692000889826294051e-49
2.791356278323008056e+01 2.680487764921201087e-49
2.799942093703290169e+01 2.668944941147478775e-49
2.808554317832007996e+01 2.657377616435072111e-49
2.817193031938716885e+01 2.645790789732128352e-49
2.825858317502829209e+01 2.634189263835252397e-49
2.834550256254371092e+01 2.622577651056025965e-49
2.843268930174762232e+01 2.610960376421184458e-49
2.852014421497582575e+01 2.599341682846766644e-49
2.860786812709353555e+01 2.587725635237500525e-49
2.869586186550311524e+01 2.576116125276255273e-49
2.878412626015192544e+01 2.564516875975807346e-49
2.887266214354007587e+01 2.552931446219406759e-49
2.896147035072840126e+01 2.541363235084819351e-49
2.905055171934618841e+01 2.529815487087878043e-49
2.913990708959922316e+01 2.518291296181174292e-49
2.922953730427758146e+01 2.506793610345202691e-49
2.931944320876368693e+01 2.495325236224097909e-49
2.940962565104024051e+01 2.483888843537570963e-49
2.950008548169816791e+01 2.472486969214603713e-49
2.959082355394475528e+01 2.461122022012857216e-49
2.968184072361157533e+01 2.449796286555831614e-49
2.977313784916267991e+01 2.438511927878770065e-49
2.986471579170256163e+01 2.427270994604952735e-49
2.995657541498441745e+01 2.416075423969462897e-49
3.004871758541816718e+01 2.404927733939531901e-49
3.014114317207873839e+01 2.393829551818348814e-49
3.023385304671416307e+01 2.382781879714798817e-49
3.032684808375388386e+01 2.371786247027513809e-49
3.042012916031692527e+01 2.360844089150626089e-49
3.051369715622025680e+01 2.349956752124776822e-49
3.060755295398697484e+01 2.339125495569433955e-49
3.070169743885474745e+01 2.328351496404014171e-49
3.079613149878410283e+01 2.317635851697848784e-49
3.089085602446676049e+01 2.306979581947611233e-49
3.098587190933414348e+01 2.296383634144858343e-49
3.108118004956568825e+01 2.285848884565038097e-49
3.117678134409740665e+01 2.275376141728800563e-49
3.127267669463025612e+01 2.264966149111100844e-49
3.136886700563874797e+01 2.254619587854306116e-49
3.146535318437936724e+01 2.244337079174982114e-49
3.156213614089928043e+01 2.234119187190980410e-49
3.165921678804471995e+01 2.223966421029315431e-49
3.175659604146980541e+01 2.213879237326566235e-49
3.185427481964499918e+01 2.203858042439133598e-49
3.195225404386592771e+01 2.193903194761832047e-49
3.205053463826189386e+01 2.184015006562441904e-49
3.214911752980477644e+01 2.174193746367470304e-49
3.224800364831766331e+01 2.164439640502878084e-49
3.234719392648360525e+01 2.154752875381557121e-49
3.244668929985453332e+01 2.145133599110350718e-49
3.254649070685991319e+01 2.135581923330395665e-49
3.264659908881575490e+01 2.126097924975331062e-49
3.274701538993338801e+01 2.116681647645351030e-49
3.284774055732842157e+01 2.107333103554720587e-49
3.294877554102962591e+01 2.098052274720261414e-49
3.305012129398798493e+01 2.088839114731331388e-49
3.315177877208554946e+01 2.079693549839843966e-49
3.325374893414460331e+01 2.070615480510092213e-49
3.335603274193653789e+01 2.061604782694554678e-49
3.345863116019112482e+01 2.052661308960012749e-49
3.356154515660541904e+01 2.043784889901853562e-49
3.366477570185303136e+01 2.034975334982525592e-49
3.376832376959320925e+01 2.026232434075980972e-49
3.387219033648000988e+01 2.017555958072379839e-49
3.397637638217158695e+01 2.008945660299117233e-49
3.408088288933933541e+01 2.000401277132271198e-49
3.418571084367726343e+01 1.991922529320457739e-49
3.429086123391116558e+01 1.983509122537181166e-49
3.439633505180809436e+01 1.975160748459151902e-49
3.450213329218555458e+01 1.966877085514267173e-49
3.460825695292105308e+01 1.958657799858976115e-49
3.471470703496132870e+01 1.950502545780465315e-49
3.482148454233200852e+01 1.942410966718008145e-49
3.492859048214683781e+01 1.934382696000345741e-49
3.503602586461740032e+01 1.926417357265660769e-49
3.514379170306248312e+01 1.918514565323678502e-49
3.525188901391770457e+01 1.910673926723654838e-49
3.536031881674516342e+01 1.902895040248554134e-49
3.546908213424288192e+01 1.895177497576352070e-49
3.557817999225463979e+01 1.887520883817538715e-49
3.568761341977950963e+01 1.879924778038258983e-49
3.579738344898166957e+01 1.872388753699935769e-49
3.590749111520003822e+01 1.864912379230596230e-49
3.601793745695813698e+01 1.857495218416754626e-49
3.612872351597377474e+01 1.850136830765861939e-49
3.623985033716903814e+01 1.842836772144409166e-49
3.635131896867992651e+01 1.835594594867513059e-49
3.646313046186645579e+01 1.828409848433606060e-49
3.657528587132240006e+01 1.821282079545225511e-49
3.668778625488537415e+01 1.814210832732203211e-49
3.680063267364670310e+01 1.807195650440921470e-49
3.691382619196151182e+01 1.800236073663827855e-49
3.702736787745873670e+01 1.793331642020628367e-49
3.714125880105113708e+01 1.786481894098052532e-49
3.725550003694552004e+01 1.779686367778643129e-49
3.737009266265272345e+01 1.772944600479507427e-49
3.748503775899791890e+01 1.766256129384593211e-49
3.760033641013070138e+01 1.759620491948774282e-49
3.771598970353539926e+01 1.753037225753045332e-49
3.783199873004122082e+01 1.746505869121131451e-49
3.794836458383271349e+01 1.740025961279224080e-49
3.806508836245983218e+01 1.733597042706361390e-49
3.818217116684860457e+01 1.727218655516472193e-49
3.829961410131121369e+01 1.720890343783515954e-49
3.841741827355665606e+01 1.714611654237218106e-49
3.853558479470100195e+01 1.708382136851882035e-49
3.865411477927798956e+01 1.702201346086328108e-49
3.877300934524953391e+01 1.696068842615666638e-49
3.889226961401618610e+01 1.689984196231955112e-49
3.901189671042780560e+01 1.683946990976423038e-49
3.913189176279411186e+01 1.677956835103500302e-49
3.925225590289537081e+01 1.672013381730759588e-49
3.937299026599297491e+01 1.666116375620783173e-49
3.949409599084033573e+01 1.660265772960191187e-49
3.961557421969337867e+01 1.654462104311079037e-49
3.973742609832154216e+01 1.648707867480189434e-49
3.985965277601845003e+01 1.643015455992375183e-49
3.998225540561279701e+01 1.637513896439485266e-49
4.010523514347919161e+01 1.634376013664423940e-49
4.022859314954914112e+01 1.626179704294191186e-49
4.035233058732188027e+01 1.620576400567335875e-49
4.047644862387542730e+01 1.615066653908685374e-49
4.060094842987758312e+01 1.609608026943883367e-49
4.072583117959690213e+01 1.604193860515250453e-49
4.085109805091391877e+01 1.598822107888929598e-49
4.097675022533204015e+01 1.593491797212891770e-49
4.110278888798890051e+01 1.588202299170547899e-49
4.122921522766741020e+01 1.582953118411394131e-49
4.135603043680703195e+01 1.577743821084642909e-49
4.148323571151495059e+01 1.572574005478999854e-49
4.161083225157749155e+01 1.567443289164448851e-49
4.173882126047124785e+01 1.562351302700855577e-49
4.186720394537464784e+01 1.557297686216645881e-49
4.199598151717911776e+01 1.552282087812550146e-49
4.212515519050072044e+01 1.547304162540619139e-49
4.225472618369141031e+01 1.542363571950600804e-49
4.238469571885067921e+01 1.537459983665467867e-49
4.251506502183703162e+01 1.532593071204871689e-49
4.264583532227946705e+01 1.527762514020010178e-49
4.277700785358924662e+01 1.522967997528415559e-49
4.290858385297132571e+01 1.518209213043822584e-49
4.304056456143624132e+01 1.513485857714349533e-49
4.317295122381155892e+01 1.508797634915455005e-49
4.330574508875392326e+01 1.504144254314813918e-49
4.343894740876051941e+01 1.499525431689926639e-49
4.357255944018113780e+01 1.494940889172420956e-49
4.370658244322986263e+01 1.490390355386512643e-49
4.384101768199708715e+01 1.485873565721810089e-49
4.397586642446124472e+01 1.481390262102022203e-49
4.411112994250103725e+01 1.476940193335675884e-49
4.424680951190716627e+01 1.472523115383839182e-49
4.438290641239456136e+01 1.468138791398053053e-49
4.451942192761431727e+01 1.463786991951860270e-49
4.465635734516591526e+01 1.459467495108641188e-49
4.479371395660924549e+01 1.455180086796703673e-49
4.493149305747690647e+01 1.450924560819831918e-49
4.506969594728636253e+01 1.446700719205459287e-49
4.520832392955214374e+01 1.442508372329652204e-49
4.534737831179832313e+01 1.438347339179760028e-49
4.548686040557060295e+01 1.434217447571212729e-49
4.562677152644894107e+01 1.430118534645277975e-49
4.576711299405972255e+01 1.426050446842949273e-49
4.590788613208839308e+01 1.422013040297263330e-49
4.604909226829180824e+01 1.418006181167642595e-49
4.619073273451088113e+01 1.414029745986943073e-49
4.633280886668297427e+01 1.410083621882044715e-49
4.647532200485473908e+01 1.406167706973400036e-49
4.661827349319453617e+01 1.402281910837906762e-49
4.676166468000517540e+01 1.398426154884717721e-49
4.690549691773673402e+01 1.394600372740510965e-49
4.704977156299916174e+01 1.390804510729223136e-49
4.719448997657520550e+01 1.387038528288897862e-49
4.733965352343311395e+01 1.383302398531156445e-49
4.748526357273966880e+01 1.379596108726697312e-49
4.763132149787293912e+01 1.375919660875907280e-49
4.777782867643537656e+01 1.372273072296097095e-49
4.792478649026668336e+01 1.368656376219951226e-49
4.807219632545695731e+01 1.365069622431178651e-49
4.822005957235964502e+01 1.361512878000566720e-49
4.836837762560481480e+01 1.357986227947160013e-49
4.851715188411213120e+01 1.354489775994328202e-49
4.866638375110416348e+01 1.351023645449028665e-49
4.881607463411965853e+01 1.347587980068688195e-49
4.896622594502664327e+01 1.344182944819406236e-49
4.911683910003593923e+01 1.340808726910803124e-49
4.926791551971437144e+01 1.337465536748119775e-49
4.941945662899828307e+01 1.334153609023582219e-49
4.957146385720682247e+01 1.330873203670347416e-49
4.972393863805568515e+01 1.327624607198626679e-49
4.987688240967028719e+01 1.324408133849656580e-49
5.003029661459967059e+01 1.321167736472443990e-49
5.018418269982980462e+01 1.317723989573409591e-49
5.033854211679753377e+01 1.314301874499097701e-49
5.049337632140399990e+01 1.310901187507139599e-49
5.064868677402856179e+01 1.307521727052025225e-49
5.080447493954241622e+01 1.304163293700775889e-49
5.096074228732262412e+01 1.300825690060698957e-49
5.111749029126569610e+01 1.297508721058090928e-49
5.127472042980173939e+01 1.294212193548699808e-49
5.143243418590828497e+01 1.290935916442152564e-49
5.159063304712424980e+01 1.287679700668775518e-49
5.174931850556407653e+01 1.284443359242281428e-49
5.190849205793164600e+01 1.281226706883790396e-49
5.206815520553460175e+01 1.278029560395703599e-49
5.222830945429827665e+01 1.274851738491826070e-49
5.238895631478013826e+01 1.271693061751655220e-49
5.255009730218379360e+01 1.268553352614317539e-49
5.271173393637351978e+01 1.265432435473228581e-49
5.287386774188836114e+01 1.262330136485579212e-49
5.303650024795674511e+01 1.259246283614361094e-49
5.319963298851067179e+01 1.256180706661447720e-49
5.336326750220041504e+01 1.253133237172739964e-49
5.352740533240879728e+01 1.250103708385112443e-49
5.369204802726598302e+01 1.247091955315279684e-49
5.385719713966390998e+01 1.244097814720616087e-49
5.402285422727095465e+01 1.241121125089207415e-49
5.418902085254672585e+01 1.238161726556097421e-49
5.435569858275670185e+01 1.235219460924237535e-49
5.452288898998708078e+01 1.232294171687261038e-49
5.469059365115949589e+01 1.229385703992751733e-49
5.485881414804607203e+01 1.226493904452433247e-49
5.502755206728412674e+01 1.223618621672669876e-49
5.519680900039139715e+01 1.220759705700082106e-49
5.536658654378071986e+01 1.217917008200935362e-49
5.553688629877544969e+01 1.215090382412207065e-49
5.570770987162422472e+01 1.212279683058427868e-49
5.587905887351642065e+01 1.209484765972726085e-49
5.605093492059707927e+01 1.206705486873700569e-49
5.622333963398234147e+01 1.203941693859613292e-49
5.639627463977471677e+01 1.201193108936066868e-49
5.656974156907823925e+01 1.198460450637972093e-49
5.674374205801412785e+01 1.195742293017579084e-49
5.691827774773595650e+01 1.193039254170605334e-49
5.709335028444537130e+01 1.190351196432730088e-49
5.726896131940738144e+01 1.187678235163729183e-49
5.744511250896619003e+01 1.185021477488032568e-49
5.762180551456052768e+01 1.182397630735648951e-49
5.779904200273961834e+01 1.179809673963020361e-49
5.797682364517863363e+01 1.177131181992049424e-49
5.815515211869466583e+01 1.174525640278690378e-49
5.833402910526240248e+01 1.171936552686302830e-49
5.851345629203010645e+01 1.169361779872843125e-49
5.869343537133537581e+01 1.166800856320282331e-49
5.887396804072130152e+01 1.164253565436514259e-49
5.905505600295234103e+01 1.161719753386039906e-49
5.923670096603036939e+01 1.159199287953686291e-49
5.941890464321088672e+01 1.156692046185533650e-49
5.960166875301907652e+01 1.154197909955740612e-49
5.978499501926614101e+01 1.151716764387835985e-49
5.996888517106535232e+01 1.149248496722640648e-49
6.015334094284863653e+01 1.146792996011774170e-49
6.033836407438265326e+01 1.144350153005225773e-49
6.052395631078546501e+01 1.141919859659228866e-49
6.071011940254273043e+01 1.139502009409596477e-49
6.089685510552449443e+01 1.137096497005808609e-49
6.108416518100147385e+01 1.134703218380003798e-49
6.127205139566193282e+01 1.132322070868615724e-49
6.146051552162809628e+01 1.129952953001937187e-49
6.164955933647308228e+01 1.127595764478069022e-49
6.183918462323754284e+01 1.125250406286068490e-49
6.202939317044646117e+01 1.122916780448369852e-49
6.222018677212616211e+01 1.120594790096826587e-49
6.241156722782100985e+01 1.118284339576773123e-49
6.260353634261067413e+01 1.115985334246109075e-49
6.279609592712682087e+01 1.113697680695073776e-49
6.298924779757054182e+01 1.111421286733104413e-49
6.318299377572912334e+01 1.109156061142807767e-49
6.337733568899356840e+01 1.106901913868900549e-49
6.357227537037553589e+01 1.104658755860319000e-49
6.376781465852492659e+01 1.102426498984833986e-49
6.396395539774688643e+01 1.100205056266625923e-49
6.416069943801956299e+01 1.097994341700340484e-49
6.435804863501118689e+01 1.095794270346427896e-49
6.455600485009793488e+01 1.093604758359578175e-49
6.475456995038123864e+01 1.091425722823289727e-49
6.495374580870540626e+01 1.089257081775324305e-49
6.515353430367547105e+01 1.087098754262908355e-49
6.535393731967467090e+01 1.084950660336973192e-49
6.555495674688246766e+01 1.082812720969491524e-49
6.575659448129208329e+01 1.080684858204777935e-49
6.595885242472871823e+01 1.078566994858177041e-49
6.616173248486715863e+01 1.076459054635260027e-49
6.636523657525007991e+01 1.074360962241576889e-49
6.656936661530579613e+01 1.072272643363278634e-49
6.677412453036664886e+01 1.070194024473048771e-49
6.697951225168688438e+01 1.068125032957883263e-49
6.718553171646115629e+01 1.066065597112109009e-49
6.739218486784253059e+01 1.064015645677647572e-49
6.759947365496101668e+01 1.061975109088731616e-49
6.780740003294187090e+01 1.059943918262201284e-49
6.801596596292395702e+01 1.057922004973102908e-49
6.822517341207844765e+01 1.055909301922234962e-49
6.843502435362709946e+01 1.053905742364238015e-49
6.864552076686119619e+01 1.051911260538923106e-49
6.885666463715985230e+01 1.049925791475770351e-49
6.906845795600912652e+01 1.047949271037096739e-49
6.928090272102039648e+01 1.045981635923064290e-49
6.949400093594960026e+01 1.044022823591787004e-49
6.970775461071579571e+01 1.042072772390273790e-49
6.992216576142037354e+01 1.040131421263480473e-49
7.013723641036588674e+01 1.038198709972187304e-49
7.035296858607527781e+01 1.036274579058817767e-49
7.056936432331085030e+01 1.034358969797459986e-49
7.078642566309360973e+01 1.032451824259407793e-49
7.100415465272249094e+01 1.030553085219199425e-49
7.122255334579348585e+01 1.028662696131364779e-49
7.144162380221933972e+01 1.026780601221142648e-49
7.166136808824860793e+01 1.024906745449552794e-49
7.188178827648552272e+01 1.023041074438956963e-49
7.210288644590916363e+01 1.021183534511475864e-49
7.232466468189345221e+01 1.019334072644974176e-49
7.254712507622643614e+01 1.017492636495981133e-49
7.277026972713034070e+01 1.015659174441091778e-49
7.299410073928112297e+01 1.013833635456471238e-49
7.321862022382852331e+01 1.012015969083444503e-49
7.344383029841580424e+01 1.010206125559187149e-49
7.366973308719987301e+01 1.008404055505961993e-49
7.389633072087111998e+01 1.006609710618496599e-49
7.412362533667374009e+01 1.004823042962307346e-49
7.435161907842581286e+01 1.003044005236672723e-49
7.458031409653933963e+01 1.001272550657335338e-49
7.480971254804093462e+01 9.995086329709139103e-50
7.503981659659157799e+01 9.977522065566008033e-50
7.527062841250773317e+01 9.960032265205568924e-50
7.550215017278115681e+01 9.942616480446170309e-50
7.573438406109990240e+01 9.925274270748419635e-50
7.596733226786865600e+01 9.908005197830903889e-50
7.620099699022949835e+01 9.890808833096152778e-50
7.643538043208259580e+01 9.873684751950834494e-50
7.667048480410701927e+01 9.856632534025467955e-50
7.690631232378153470e+01 9.839651763433752466e-50
7.714286521540564934e+01 9.822742028240821614e-50
7.738014571012033116e+01 9.805902921407269830e-50
7.761815604592942464e+01 9.789134039795110773e-50
7.785689846772044120e+01 9.772434985852860790e-50
7.809637522728579029e+01 9.755805365541501807e-50
7.833658858334425190e+01 9.739244790518836042e-50
7.857754080156192344e+01 9.722752873609522861e-50
7.881923415457389126e+01 9.706329232547961901e-50
7.906167092200543323e+01 9.689973488328835097e-50
7.930485339049378979e+01 9.673685266894317141e-50
7.954878385370942340e+01 9.657464198239163793e-50
7.979346461237786059e+01 9.641309915401247580e-50
8.003889797430130670e+01 9.625222054955729921e-50
8.028508625438054480e+01 9.609200256950922374e-50
8.053203177463647933e+01 9.593244164948749142e-50
8.077973686423240451e+01 9.577353425985993767e-50
8.102820385949564752e+01 9.561527690042946146e-50
8.127743510393980841e+01 9.545766610586999099e-50
8.152743294828688647e+01 9.530069844216382264e-50
8.177819975048915069e+01 9.514437050883788410e-50
8.202973787575186293e+01 9.498867893575440347e-50
8.228204969655507739e+01 9.483362039238975008e-50
8.253513759267646321e+01 9.467919156193223496e-50
8.278900395121331712e+01 9.452538916548555332e-50
8.304365116660558499e+01 9.437220994608704141e-50
8.329908164065793130e+01 9.421965069169316051e-50
8.355529778256280338e+01 9.406770821380341671e-50
8.381230200892281346e+01 9.391637935389624782e-50
8.407009674377390240e+01 9.376566097856617218e-50
8.432868441860777864e+01 9.361554998413044942e-50
8.458806747239529500e+01 9.346604329901750063e-50
8.484824835160900136e+01 9.331713787448721282e-50
8.510922951024667782e+01 9.316883069117670857e-50
8.537101340985414311e+01 9.302111875540275295e-50
8.563360251954848934e+01 9.287399910655500259e-50
8.589699931604168626e+01 9.272746881037285878e-50
8.616120628366347489e+01 9.258152495150217688e-50
8.642622591438524182e+01 9.243616465532001207e-50
8.669206070784316864e+01 9.229138507053440933e-50
8.695871317136209200e+01 9.214718337834551827e-50
8.722618581997890885e+01 9.200355677318580903e-50
8.749448117646652179e+01 9.186050248123948697e-50
8.776360177135744323e+01 9.171801776022671539e-50
8.803355014296776915e+01 9.157609988751991247e-50
8.830432883742108174e+01 9.143474616990791069e-50
8.857594040867252261e+01 9.129395394121359482e-50
8.884838741853278066e+01 9.115372056035348263e-50
8.912167243669235006e+01 9.101404340965647769e-50
8.939579804074575975e+01 9.087491988870234736e-50
8.967076681621568923e+01 9.073634744941075129e-50
8.994658135657779496e+01 9.059832355598006774e-50
9.022324426328457037e+01 9.046084569798328187e-50
9.050075814579054168e+01 9.032391138521143665e-50
9.077912562157622745e+01 9.018751816489162296e-50
9.105834931617343386e+01 9.005166360036333390e-50
9.133843186318944163e+01 8.991634527150530955e-50
9.161937590433248602e+01 8.978156079091007811e-50
9.190118408943590111e+01 8.964730779672883675e-50
9.218385907648392674e+01 8.951358395160156702e-50
9.246740353163606585e+01 8.938038692345485080e-50
9.275182012925282038e+01 8.924771444107775714e-50
9.303711155192041815e+01 8.911556424324612859e-50
9.332328049047647767e+01 8.898393409659464496e-50
9.361032964403527501e+01 8.885282177508096794e-50
9.389826172001302496e+01 8.872222507810313237e-50
9.418707943415373052e+01 8.859214183605978993e-50
9.447678551055449248e+01 8.846256991316598678e-50
9.476738268169152946e+01 8.833350719593462208e-50
9.505887368844557272e+01 8.820495158090177450e-50
9.535126128012808522e+01 8.807690099147189629e-50
9.564454821450679844e+01 8.794935337728499073e-50
9.593873725783228679e+01 8.782230671039565264e-50
9.623383118486336230e+01 8.769575899093679468e-50
9.652983277889383373e+01 8.756970823943007962e-50
9.682674483177839875e+01 8.744415249206168553e-50
9.712457014395920396e+01 8.731908981821349766e-50
9.742331152449207821e+01 8.719451830263876937e-50
9.772297179107314946e+01 8.707043605360388777e-50
9.802355377006541914e+01 8.694684119997416498e-50
9.832506029652522272e+01 8.682373190245890730e-50
9.862749421422934404e+01 8.670110632402615068e-50
9.893085837570140484e+01 8.657896266914035980e-50
9.923515564223916385e+01 8.645729916949533742e-50
9.954038888394120477e+01 8.633611395401234358e-50
9.984656097973422106e+01 8.621540543485157960e-50
1.001536748173999456e+02 8.609517192294415161e-50
1.004617332936026770e+02 8.597541171406688531e-50
1.007707393139163656e+02 8.585612309206071573e-50
1.010806957928519267e+02 8.573730440572575685e-50
1.013916056538852786e+02 8.561895402410498286e-50
1.017034718294842435e+02 8.550107033609427371e-50
1.020162972611364864e+02 8.538365175024028293e-50
1.023300848993775247e+02 8.526669669429340531e-50
1.026448377038180269e+02 8.515020361495497638e-50
1.029605586431721349e+02 8.503417097746729181e-50
1.032772506952852041e+02 8.491859726531598780e-50
1.035949168471623665e+02 8.480348097976692325e-50
1.039135600949959581e+02 8.468882063962812592e-50
1.042331834441943954e+02 8.457461478077920151e-50
1.045537899094100851e+02 8.446086195584851292e-50
1.048753825145684857e+02 8.434756073382675808e-50
1.051979642928958611e+02 8.423470969972816811e-50
1.055215382869483562e+02 8.412230745423317958e-50
1.058461075486404752e+02 8.401035261327212038e-50
1.061716751392743134e+02 8.389884380783458615e-50
1.064982441295677660e+02 8.378777968349369339e-50
1.068258175996838446e+02 8.367715890017500478e-50
1.071543986392599663e+02 8.356698013184161820e-50
1.074839903474365741e+02 8.345724206617973048e-50
1.078145958328867238e+02 8.334794340442450768e-50
1.081462182138451595e+02 8.323908286096755733e-50
1.084788606181382136e+02 8.313065916327943508e-50
1.088125261832127251e+02 8.302267105158344347e-50
1.091472180561658263e+02 8.291511727871639843e-50
1.094829393937746858e+02 8.280799660994541226e-50
1.098196933625265643e+02 8.270130782275999775e-50
1.101574831386480042e+02 8.259504970678301864e-50
1.104963119081354250e+02 8.248922106358865968e-50
1.108361828667846396e+02 8.238382070640606042e-50
1.111770992202217201e+02 8.227884745835180073e-50
1.115190641839324002e+02 8.217430018520221965e-50
1.118620809832927989e+02 8.207017767532250249e-50
1.122061528536002015e+02 8.196647883420068705e-50
1.125512830401028026e+02 8.186320252399587078e-50
1.128974747980309559e+02 8.176034762744997169e-50
1.132447313926273580e+02 8.165791303934275237e-50
1.135930560991786393e+02 8.155589766601737396e-50
1.139424522030452778e+02 8.145430042529669270e-50
1.142929229996932463e+02 8.135312024650653359e-50
1.146444717947247227e+02 8.125235607038998338e-50
1.149971019039098366e+02 8.115200684916587377e-50
1.153508166532172368e+02 8.105207154649426505e-50
1.157056193788457961e+02 8.095254913750298617e-50
1.160615134272560738e+02 8.085343860876448456e-50
1.164185021552021198e+02 8.075473895833677106e-50
1.167765889297625534e+02 8.065644919573013787e-50
1.171357771283727942e+02 8.055856834198263890e-50
1.174960701388566235e+02 8.046109542961062732e-50
1.178574713594586427e+02 8.036402950265128620e-50
1.182199841988756646e+02 8.026736961672621086e-50
1.185836120762890857e+02 8.017111483901475478e-50
1.189483584213976854e+02 8.007526424844070299e-50
1.193142266744490030e+02 7.997981693587541075e-50
1.196812202862725627e+02 7.988477200522026976e-50
1.200493427183119195e+02 7.979012857997240902e-50
1.204185974426579975e+02 7.969588592615947092e-50
1.207889879420809223e+02 7.960204320595181942e-50
1.211605177100634734e+02 7.950859851941076902e-50
1.215331902508337976e+02 7.941555238576031659e-50
1.219070090793989039e+02 7.932290350766638236e-50
1.222819777215770642e+02 7.923065105299421159e-50
1.226580997140316356e+02 7.913879421490615356e-50
1.230353786043040856e+02 7.904733220042286392e-50
1.234138179508479993e+02 7.895626422902321169e-50
1.237934213230619207e+02 7.886558953234394393e-50
1.241741923013233162e+02 7.877530735407674432e-50
1.245561344770227663e+02 7.868541694995951621e-50
1.249392514525970768e+02 7.859591758783403973e-50
1.253235468415637826e+02 7.850680854756651283e-50
1.257090242685549555e+02 7.841808912107493655e-50
1.260956873693519213e+02 7.832975861233353045e-50
1.264835397909186838e+02 7.824181633731490456e-50
1.268725851914370395e+02 7.815426162395474542e-50
1.272628272403405987e+02 7.806709381215724751e-50
1.276542696183501135e+02 7.798031225365529102e-50
1.280469160175071863e+02 7.789391631198316111e-50
1.284407701412099243e+02 7.780790536238942602e-50
1.288358357042472733e+02 7.772227879171899268e-50
1.292321164328348004e+02 7.763703599831605249e-50
1.296296160646489852e+02 7.755217639188852258e-50
1.300283383488628886e+02 7.746769939338448950e-50
1.304282870461818504e+02 7.738360443483708965e-50
1.308294659288782213e+02 7.729989095922008162e-50
1.312318787808274863e+02 7.721655842029012488e-50
1.316355293975436496e+02 7.713360628242635215e-50
1.320404215862155297e+02 7.705103402044183488e-50
1.324465591657419736e+02 7.696884111945354145e-50
1.328539459667683218e+02 7.688702707467335874e-50
1.332625858317223617e+02 7.680559139127411915e-50
1.336724826148509067e+02 7.672453358419943287e-50
1.340836401822556923e+02 7.664385317804263836e-50
1.344960624119299553e+02 7.656354970686629165e-50
1.349097531937950691e+02 7.648362271405380754e-50
1.353247164297376344e+02 7.640407175222243277e-50
1.357409560336455172e+02 7.632489638306084329e-50
1.361584759314451105e+02 7.624609617722926038e-50
1.365772800611388504e+02 7.616767071425727838e-50
1.369973723728414257e+02 7.608961958247370191e-50
1.374187568288177204e+02 7.601194237891769582e-50
1.378414374035198477e+02 7.593463870927562075e-50
1.382654180836251214e+02 7.585770818781130708e-50
1.386907028680729468e+02 7.578115043738797078e-50
1.391172957681030482e+02 7.570496508935909030e-50
1.395452008072929857e+02 7.562915178360027370e-50
1.399744220215966664e+02 7.555371016848948890e-50
1.404049634593816620e+02 7.547863990087241433e-50
1.408368291814678059e+02 7.540394064612456846e-50
1.412700232611653917e+02 7.532961207809866632e-50
1.417045497843139970e+02 7.525565387918772709e-50
1.421404128493202279e+02 7.518206574032386817e-50
1.425776165671969125e+02 7.510884736101063752e-50
1.430161650616020381e+02 7.503599844935249747e-50
1.434560624688770361e+02 7.496351872207345502e-50
1.438973129380862304e+02 7.489140790457180372e-50
1.443399206310559180e+02 7.481966573095589355e-50
1.447838897224137327e+02 7.474829194407507693e-50
1.452292243996276397e+02 7.467728629556588570e-50
1.456759288630457263e+02 7.460664854589683116e-50
1.461240073259356222e+02 7.453637846442823570e-50
1.465734640145248022e+02 7.446647582944954085e-50
1.470243031680396086e+02 7.439694042823335605e-50
1.474765290387457242e+02 7.432777205710388372e-50
1.479301458919881327e+02 7.425897052149220247e-50
1.483851580062317623e+02 7.419053563597118228e-50
1.488415696731011337e+02 7.412246722435801764e-50
1.492993851974211736e+02 7.405476511974567688e-50
1.497586088972582274e+02 7.398742916457709107e-50
1.502192451039600201e+02 7.392045921070830897e-50
1.506812981621970096e+02 7.385385511946926873e-50
1.511447724300030870e+02 7.378761676172124605e-50
1.516096722788172713e+02 7.372174401792172787e-50
1.520760020935241812e+02 7.365623677814794245e-50
1.525437662724956454e+02 7.359109494218915624e-50
1.530129692276322828e+02 7.352631841953309523e-50
1.534836153844054820e+02 7.346190712944136825e-50
1.539557091818982713e+02 7.339786100095208773e-50
1.544292550728479512e+02 7.333417997288085726e-50
1.549042575236875052e+02 7.327086399385410105e-50
1.553807210145885449e+02 7.320791302227892493e-50
1.558586500395025496e+02 7.314532702633179771e-50
1.563380491062038686e+02 7.308310598393503061e-50
1.568189227363325529e+02 7.302124988270042107e-50
1.573012754654359924e+02 7.295975871990193403e-50
1.577851118430125439e+02 7.289863250241471188e-50
1.582704364325539927e+02 7.283787124664282267e-50
1.587572538115892371e+02 7.277747497845211698e-50
1.592455685717265510e+02 7.271744373308698976e-50
1.597353853186975243e+02 7.265777755510600986e-50
1.602267086724000933e+02 7.259847649828111511e-50
1.607195432669428499e+02 7.253954062555032437e-50
1.612138937506877880e+02 7.248097000888159960e-50
1.617097647862947554e+02 7.242276472925393067e-50
1.622071610507651087e+02 7.236492487655216245e-50
1.627060872354865069e+02 7.230745054950104811e-50
1.632065480462761116e+02 7.225034185561622348e-50
1.637085482034255506e+02 7.219359891113839328e-50
1.642120924417459094e+02 7.213722184099754235e-50
1.647171855106113298e+02 7.208121077861052807e-50
1.652238321740045137e+02 7.202556586695326297e-50
1.657320372105614297e+02 7.197028725582402558e-50
1.662418054136168450e+02 7.191537510512838563e-50
1.667531415912486921e+02 7.186082958284329737e-50
1.672660505663240258e+02 7.180665086556778554e-50
1.677805371765441862e+02 7.175283913854301895e-50
1.682966062744910687e+02 7.169939459562922680e-50
1.688142627276720305e+02 7.164631743936152311e-50
1.693335114185661894e+02 7.159360788095908890e-50
1.698543572446704673e+02 7.154126614037999968e-50
1.703768051185462014e+02 7.148929244634786041e-50
1.709008599678645623e+02 7.143768703641141878e-50
1.714265267354535069e+02 7.138645015696798121e-50
1.719538103793451285e+02 7.133558206334337503e-50
1.724827158728209895e+02 7.128508301983281745e-50
1.730132482044600124e+02 7.123495329975143193e-50
1.735454123781851479e+02 7.118519318550141986e-50
1.740792134133111517e+02 7.113580296864258412e-50
1.746146563445909976e+02 7.108678294994457370e-50
1.751517462222639949e+02 7.103813343946906785e-50
1.756904881121031679e+02 7.098985475662067232e-50
1.762308870954635722e+02 7.094194723023901684e-50
1.767729482693293050e+02 7.089441119865608941e-50
1.773166767463621909e+02 7.084724700977969280e-50
1.778620776549498714e+02 7.080045502115872661e-50
1.784091561392544634e+02 7.075403560005599927e-50
1.789579173592604207e+02 7.070798912352763947e-50
1.795083664908235335e+02 7.066231597847686006e-50
1.800605087257203252e+02 7.061701656170822525e-50
1.806143492716959997e+02 7.057209128000289344e-50
1.811698933525140660e+02 7.052754055015477638e-50
1.817271462080056779e+02 7.048336479902018199e-50
1.822861130941192300e+02 7.043956446353923637e-50
1.828467992829692719e+02 7.039613999077380905e-50
1.834092100628868138e+02 7.035309183791347627e-50
1.839733507384688096e+02 7.031042047229286934e-50
1.845392266306288889e+02 7.026812637137875121e-50
1.851068430766465269e+02 7.022621002277864789e-50
1.856762054302182889e+02 7.018467192420218253e-50
1.862473190615074827e+02 7.014351258346229086e-50
1.868201893571959999e+02 7.010273251844321161e-50
1.873948217205337698e+02 7.006233225704879265e-50
1.879712215713904016e+02 7.002231233721443642e-50
1.885493943463067978e+02 6.998267330684402086e-50
1.891293454985452911e+02 6.994341572378616999e-50
1.897110804981419960e+02 6.990454015581447465e-50
1.902946048319576278e+02 6.986604718060159807e-50
1.908799240037305651e+02 6.982793738570692217e-50
1.914670435341272139e+02 6.979021136856518133e-50
1.920559689607947860e+02 6.975286973653925775e-50
1.926467058384136806e+02 6.971591310785889431e-50
1.932392597387499222e+02 6.967934210954089935e-50
1.938336362507072010e+02 6.964315737110271996e-50
1.944298409803798506e+02 6.960735954914087403e-50
1.950278795511056273e+02 6.957194929703891168e-50
1.956277576035196262e+02 6.953692728142162936e-50
1.962294807956059515e+02 6.950229417902707799e-50
1.968330548027519171e+02 6.946805067668220677e-50
1.974384853178020762e+02 6.943419747132473149e-50
1.980457780511108865e+02 6.940073527006135184e-50
1.986549387305971663e+02 6.936766479022287323e-50
1.992659731017976696e+02 6.933498675943538549e-50
1.998788869279225651e+02 6.930270191568158532e-50
2.004936859899078740e+02 6.927081100736047488e-50
2.011103760864712910e+02 6.923931479336495009e-50
2.017289630341663269e+02 6.920821404316925479e-50
2.023494526674380722e+02 6.917750953687866159e-50
2.029718508386768008e+02 6.914720206534155751e-50
2.035961634182742728e+02 6.911729243020227735e-50
2.042223962946783615e+02 6.908778144399421719e-50
2.048505553744496410e+02 6.905866993022891235e-50
2.054806465823158703e+02 6.902995872346801379e-50
2.061126758612284107e+02 6.900164866941068529e-50
2.067466491724188700e+02 6.897374062497459116e-50
2.073825724954541556e+02 6.894623545836636284e-50
2.080204518282937727e+02 6.891913404914412726e-50
2.086602931873456725e+02 6.889243728830416330e-50
2.093021026075242901e+02 6.886614607833140881e-50
2.099458861423058522e+02 6.884026133324037696e-50
2.105916498637863299e+02 6.881478397863890949e-50
2.112393998627386509e+02 6.878971495175260880e-50
2.118891422486704528e+02 6.876505520147053065e-50
2.125408831498808695e+02 6.874080568834885890e-50
2.131946287135191085e+02 6.871696738465060652e-50
2.138503851056416920e+02 6.869354127434567254e-50
2.145081585112718301e+02 6.867052835313172282e-50
2.151679551344563208e+02 6.864792962842094371e-50
2.158297811983247527e+02 6.862574611937252642e-50
2.164936429451487925e+02 6.860397885688548832e-50
2.171595466363998810e+02 6.858262888357902666e-50
2.178274985528088905e+02 6.856169725394116218e-50
2.184975049944252703e+02 6.854118503406515162e-50
2.191695722806771869e+02 6.852109330197331509e-50
2.198437067504296749e+02 6.850142314745941911e-50
2.205199147620456017e+02 6.848217567218710771e-50
2.211982026934448697e+02 6.846335198971255883e-50
2.218785769421658358e+02 6.844495322551287606e-50
2.225610439254238315e+02 6.842698051706286982e-50
2.232456100801731509e+02 6.840943501386862416e-50
2.239322818631667928e+02 6.839231787753864711e-50
2.246210657510185627e+02 6.837563028185115620e-50
2.253119682402627575e+02 6.835937341280636110e-50
2.260049958474160690e+02 6.834354846871233204e-50
2.267001551090397129e+02 6.832815666026128717e-50
2.273974525817999108e+02 6.831319921061391326e-50
2.280968948425302756e+02 6.829867735546323280e-50
2.287984884882936854e+02 6.828459234313442149e-50
2.295022401364454083e+02 6.827094543468581257e-50
2.302081564246939536e+02 6.825773790398371237e-50
2.309162440111647925e+02 6.824497103779126937e-50
2.316265095744624887e+02 6.823264613588072126e-50
2.323389598137348742e+02 6.822076451112820824e-50
2.330536014487347529e+02 6.820932748957836182e-50
2.337704412198839918e+02 6.819833641058235142e-50
2.344894858883368727e+02 6.818779262686841742e-50
2.352107422360448084e+02 6.817769750461347727e-50
2.359342170658187570e+02 6.816805242357382244e-50
2.366599172013941086e+02 6.815885877711690013e-50
2.373878494874959983e+02 6.815011797231963034e-50
2.381180207899019194e+02 6.814183143004270872e-50
2.388504379955080879e+02 6.813400058496472411e-50
2.395851080123934764e+02 6.812662688567983000e-50
2.403220377698860091e+02 6.811971179470242580e-50
2.410612342186263959e+02 6.811325678855020507e-50
2.418027043306351516e+02 6.810726335777040133e-50
2.425464550993771695e+02 6.810173300697314591e-50
2.432924935398289108e+02 6.809666725487820521e-50
2.440408266885436035e+02 6.809206763436708281e-50
2.447914616037176927e+02 6.808793569249075842e-50
2.455444053652576031e+02 6.808427299054525356e-50
2.462996650748472689e+02 6.808108110410630939e-50
2.470572478560136744e+02 6.807836162307166101e-50
2.478171608541948103e+02 6.807611615172241675e-50
2.485794112368074877e+02 6.807434630879672483e-50
2.493440061933140726e+02 6.807305372754507553e-50
2.501109529352908112e+02 6.807224005579900162e-50
2.508802586964953889e+02 6.807190695605509515e-50
2.516519307329363926e+02 6.807205610555746696e-50
2.524259763229400448e+02 6.807268919638090885e-50
2.532024027672199225e+02 6.807380793551233710e-50
2.539812173889452822e+02 6.807541404497420631e-50
2.547624275338112056e+02 6.807750926188221402e-50
2.555460405701063280e+02 6.808009533857922614e-50
2.563320638887832956e+02 6.808317404272576029e-50
2.571205049035282286e+02 6.808674715740373428e-50
2.579113710508310646e+02 6.809081648124008900e-50
2.587046697900549361e+02 6.809538382849979743e-50
2.595004086035067417e+02 6.810045102922391126e-50
2.602985949965085410e+02 6.810601992930560136e-50
2.610992364974674160e+02 6.811209239064321686e-50
2.619023406579463540e+02 6.811867029122266867e-50
2.627079150527360412e+02 6.812575552523923864e-50
2.635159672799268833e+02 6.813335000319348481e-50
2.643265049609790367e+02 6.814145565201296506e-50
2.651395357407955089e+02 6.815007441511119510e-50
2.659550672877936677e+02 6.815920825251524994e-50
2.667731072939786827e+02 6.816885914093684765e-50
2.675936634750143526e+02 6.817902907384877925e-50
2.684167435702971147e+02 6.818972006156899192e-50
2.692423553430283505e+02 6.820093413133746513e-50
2.700705065802887930e+02 6.821267332736064989e-50
2.709012050931103772e+02 6.822493971093477820e-50
2.717344587165504777e+02 6.823773536047379902e-50
2.725702753097670552e+02 6.825106237160140930e-50
2.734086627560907345e+02 6.826492285721093300e-50
2.742496289631004061e+02 6.827931894757574512e-50
2.750931818626974064e+02 6.829425279040439341e-50
2.759393294111812338e+02 6.830972655094552442e-50
2.767880795893229333e+02 6.832574241208301008e-50
2.776394404024416644e+02 6.834230257492470141e-50
2.784934198804794505e+02 6.835940925640250921e-50
2.793500260780782014e+02 6.837706469437238806e-50
2.802092670746537806e+02 6.839527114284532981e-50
2.810711509744735963e+02 6.841403087441159160e-50
2.819356859067322603e+02 6.843334617999072493e-50
2.828028800256295767e+02 6.845321936892520208e-50
2.836727415104456327e+02 6.847365276910180733e-50
2.845452785656186734e+02 6.849464872710247414e-50
2.854204994208236599e+02 6.851620960831919098e-50
2.862984123310480413e+02 6.853833779710461053e-50
2.871790255766704831e+02 6.856103569690422799e-50
2.880623474635388561e+02 6.858430573040072321e-50
2.889483863230494762e+02 6.860815033964882622e-50
2.898371505122238432e+02 6.863257198620614717e-50
2.907286484137889033e+02 6.865757315129261644e-50
2.916228884362552662e+02 6.868315633589083374e-50
2.925198790139980360e+02 6.870932406090018121e-50
2.934196286073340616e+02 6.873607886725296374e-50
2.943221457026034500e+02 6.876342331603361625e-50
2.952274388122485789e+02 6.879135998860429213e-50
2.961355164748960647e+02 6.881989148670565869e-50
2.970463872554350360e+02 6.884902043259183862e-50
2.979600597450989881e+02 6.887874946912311528e-50
2.988765425615478648e+02 6.890908125989530980e-50
2.997958443489472984e+02 6.894001848934579904e-50
3.007179737780514301e+02 6.897156386287522984e-50
3.016429395462842535e+02 6.900372010697253765e-50
3.025707503778224918e+02 6.903648996934102864e-50
3.035014150236764863e+02 6.906987621904007263e-50
3.044349422617736991e+02 6.910388164659957209e-50
3.053713408970407954e+02 6.913850906420902844e-50
3.063106197614883399e+02 6.917376130582583896e-50
3.072527877142916850e+02 6.920964122734992033e-50
3.081978536418762360e+02 6.924615170678894095e-50
3.091458264580004993e+02 6.928329564442580381e-50
3.100967151038412339e+02 6.932107596297589305e-50
3.110505285480761017e+02 6.935949560780143645e-50
3.120072757869692168e+02 6.939855754705369201e-50
3.129669658444568086e+02 6.943826477188425285e-50
3.139296077722304972e+02 6.947862029663824405e-50
3.148952106498239232e+02 6.951962715904463275e-50
3.158637835846978419e+02 6.956128842041290043e-50
3.168353357123270939e+02 6.960360716583796671e-50
3.178098761962851881e+02 6.964658650440344198e-50
3.187874142283314995e+02 6.969022956939165988e-50
3.197679590284979554e+02 6.973453951847316135e-50
3.207515198451766878e+02 6.977951953391939533e-50
3.217381059552058105e+02 6.982517282280868713e-50
3.227277266639578670e+02 6.987150261723946144e-50
3.237203913054270856e+02 6.991851217452077082e-50
3.247161092423188506e+02 6.996620477740305707e-50
3.257148898661357066e+02 7.001458373429042457e-50
3.267167425972672277e+02 7.006365237946173515e-50
3.277216768850798303e+02 7.011341407330517705e-50
3.287297022080037436e+02 7.016387220257253726e-50
3.297408280736239021e+02 7.021503018062644709e-50
3.307550640187687350e+02 7.026689144770840410e-50
3.317724196096018545e+02 7.031945947123100765e-50
3.327929044417098794e+02 7.037273774607092568e-50
3.338165281401943503e+02 7.042672979489092740e-50
3.348433003597620541e+02 7.048143916846704356e-50
3.358732307848172809e+02 7.053686944604247575e-50
3.369063291295510680e+02 7.059302423570475090e-50
3.379426051380344234e+02 7.064990717476800328e-50
3.389820685843091042e+02 7.070752193020055997e-50
3.400247292724818635e+02 7.076587219905289657e-50
3.410705970368140925e+02 7.082496170893339365e-50
3.421196817418161800e+02 7.088479421849085400e-50
3.431719932823413046e+02 7.094537351793813575e-50
3.442275415836768389e+02 7.100670342961548637e-50
3.452863366016392206e+02 7.106878780855456996e-50
3.463483883226671196e+02 7.113163054311736698e-50
3.474137067639173324e+02 7.119523555566403556e-50
3.484823019733568685e+02 7.125960680324480597e-50
3.495541840298592433e+02 7.132474827837403090e-50
3.506293630432986106e+02 7.139066400983058581e-50
3.517078491546468513e+02 7.145735806356385053e-50
3.527896525360670807e+02 7.152483454362228088e-50
3.538747833910107943e+02 7.159309759320982853e-50
3.549632519543134208e+02 7.166215139582037647e-50
3.560550684922924916e+02 7.173200017648343407e-50
3.571502433028421706e+02 7.180264820312827987e-50
3.582487867155314234e+02 7.187409978809675738e-50
3.593507090917026403e+02 7.194635928982456986e-50
3.604560208245671333e+02 7.201943111466629044e-50
3.615647323393046122e+02 7.209331971896658282e-50
3.626768540931607276e+02 7.216802961132933813e-50
3.637923965755473432e+02 7.224356535518606455e-50
3.649113703081391122e+02 7.231993157161845436e-50
3.660337858449742612e+02 7.239713294257831192e-50
3.671596537725532130e+02 7.247517421446428719e-50
3.682889847099403369e+02 7.255406020217565704e-50
3.694217893088615483e+02 7.263379579368140253e-50
3.705580782538060021e+02 7.271438595521880436e-50
3.716978622621268755e+02 7.279583573717690612e-50
3.728411520841434594e+02 7.287815028085100605e-50
3.739879585032401792e+02 7.296133482608263883e-50
3.751382923359696520e+02 7.304539472014653451e-50
3.762921644321560279e+02 7.313033542790658390e-50
3.774495856749945801e+02 7.321616254355995682e-50
3.786105669811561825e+02 7.330288180428587926e-50
3.797751193008896848e+02 7.339049910621884949e-50
3.809432536181261639e+02 7.347902052293530256e-50
3.821149809505807866e+02 7.356845232736262933e-50
3.832903123498578566e+02 7.365880101749056258e-50
3.844692589015545536e+02 7.375007334688865941e-50
3.856518317253671171e+02 7.384227636095519427e-50
3.868380419751928798e+02 7.393541744030371838e-50
3.880279008392375317e+02 7.402950435283657287e-50
3.892214195401197685e+02 7.412454531664461196e-50
3.904186093349785551e+02 7.422054907636433922e-50
3.916194815155770925e+02 7.431752499645820606e-50
3.928240474084104221e+02 7.441548317576204777e-50
3.940323183748134284e+02 7.451443458921510161e-50
3.952443058110656580e+02 7.461439126430016121e-50
3.964600211485004593e+02 7.471536650240086191e-50
3.976794758536118479e+02 7.481737515863401118e-50
3.989026814281643851e+02 7.492043399861485702e-50
4.001296494092993612e+02 7.502456215743241015e-50
4.013603913696447876e+02 7.512978173576473126e-50
4.025949189174243088e+02 7.523611858230060936e-50
4.038332436965678198e+02 7.534360333232351313e-50
4.050753773868191843e+02 7.545227280322986008e-50
4.063213317038479886e+02 7.556217189494224313e-50
4.075711183993589657e+02 7.567335621576309512e-50
4.088247492612047154e+02 7.578589576938107569e-50
4.100822361134943890e+02 7.589988022420599137e-50
4.113435908167064099e+02 7.601542659362407424e-50
4.126088252678015920e+02 7.613269067867467155e-50
4.138779514003329041e+02 7.625188454239543217e-50
4.151509811845596118e+02 7.637330395195151315e-50
4.164279266275592022e+02 7.649737287418697977e-50
4.177087997733427756e+02 7.662471833401129674e-50
4.189936127029657769e+02 7.675630190170286714e-50
4.202823775346436150e+02 7.689366274571702328e-50
4.215751064238651225e+02 7.703939541689234104e-50
4.228718115635089703e+02 7.719816289282409969e-50
4.241725051839563321e+02 7.737906008112990613e-50
4.254771995532074129e+02 7.760186364354105030e-50
4.267859069769969551e+02 7.791666820799216595e-50
4.280986397989112788e+02 7.848361513930566814e-50
4.294154104005029353e+02 8.007448660351813550e-50
4.307362312014080885e+02 9.317354373712589468e-50
4.320611146594653746e+02 1.290848998261904541e-49
4.333900732708305554e+02 8.147438025516849262e-50
4.347231195700964008e+02 7.929713933883175716e-50
4.360602661304096728e+02 7.885572025062154914e-50
4.374015255635919175e+02 7.876475008786695439e-50
4.387469105202551987e+02 7.878947007210411506e-50
4.400964336899236855e+02 7.886362971547595128e-50
4.414501078011524555e+02 7.896274201185419418e-50
4.428079456216488552e+02 7.907607002642243428e-50
4.441699599583905638e+02 7.919831141431881612e-50
4.455361636577484887e+02 7.932660734464338605e-50
4.469065696056063075e+02 7.945930881964134688e-50
4.482811907274842156e+02 7.959541254231797993e-50
4.496600399886584682e+02 7.973428122442134756e-50
4.510431303942845034e+02 7.987549556651627110e-50
4.524304749895208602e+02 8.001877158763153471e-50
4.538220868596500850e+02 8.016391231575591027e-50
4.552179791302035028e+02 8.031077844694649079e-50
4.566181649670843967e+02 8.045926992136916723e-50
4.580226575766937458e+02 8.060931401320841840e-50
4.594314702060521540e+02 8.076085743197137702e-50
4.608446161429266681e+02 8.091386096375182598e-50
4.622621087159552644e+02 8.106829576127741116e-50
4.636839612947740648e+02 8.122414072816136896e-50
4.651101872901411980e+02 8.138138064398009447e-50
4.665408001540646410e+02 8.154000480014599424e-50
4.679758133799284110e+02 8.170000599373040740e-50
4.694152405026216002e+02 8.186137977606712817e-50
4.708590950986633743e+02 8.202412388504585371e-50
4.723073907863324621e+02 8.218823781174110958e-50
4.737601412257966444e+02 8.235372246632314735e-50
4.752173601192391743e+02 8.252057991818031236e-50
4.766790612109897438e+02 8.268881319215657060e-50
4.781452582876531210e+02 8.285842610760670611e-50
4.796159651782411402e+02 8.302942315050825782e-50
4.810911957543003723e+02 8.320180937140031830e-50
4.825709639300445701e+02 8.337559030390250372e-50
4.840552836624854649e+02 8.355077190019064339e-50
4.855441689515656662e+02 8.372736048152179527e-50
4.870376338402884926e+02 8.390536270432632371e-50
4.885356924148517805e+02 8.408478554794622529e-50
4.900383588047801595e+02 8.426563634652157770e-50
4.915456471830600549e+02 8.444792295192000152e-50
4.930575717662706552e+02 8.463165446821138079e-50
4.945741468147191995e+02 8.481684654465402039e-50
4.960953866325769468e+02 8.499666796382230245e-50
4.976213055680116781e+02 8.519151733249502512e-50
4.991519180133243481e+02 8.538110682729459776e-50
5.006872384050839173e+02 8.557216812341370505e-50
5.022272812242659370e+02 8.576471743024424183e-50
5.037720609963857328e+02 8.595876482108121662e-50
5.053215922916380123e+02 8.615431943212218770e-50
5.068758897250319251e+02 8.635139020379058602e-50
5.084349679565324891e+02 8.654998606340971928e-50
5.099988416911952527e+02 8.675011598400194819e-50
5.115675256793064705e+02 8.695178900619638560e-50
5.131410347165219719e+02 8.715501424700192752e-50
5.147193836440085306e+02 8.735980090324668065e-50
5.163025873485803459e+02 8.756615825276532621e-50
5.178906607628416623e+02 8.777409565453657773e-50
5.194836188653287081e+02 8.798362254836371221e-50
5.210814766806481657e+02 8.819474845440987597e-50
5.226842492796205306e+02 8.840748297264141657e-50
5.242919517794216517e+02 8.862183578235281948e-50
5.259045993437272273e+02 8.883781664169766503e-50
5.275222071828526396e+02 8.905543538732025740e-50
5.291447905538985879e+02 8.927470193405949579e-50
5.307723647608938791e+02 8.949562627470990899e-50
5.324049451549421974e+02 8.971821847988357083e-50
5.340425471343629624e+02 8.994248869790044537e-50
5.356851861448394629e+02 9.016844715476916784e-50
5.373328776795632393e+02 9.039610415421279666e-50
5.389856372793822175e+02 9.062547007772411562e-50
5.406434805329440678e+02 9.085655538470278782e-50
5.423064230768449079e+02 9.108937061260054294e-50
5.439744805957786866e+02 9.132392637709787078e-50
5.456476688226815668e+02 9.156023337235994575e-50
5.473260035388818778e+02 9.179830237127152825e-50
5.490095005742496141e+02 9.203814422572705429e-50
5.506981758073459332e+02 9.227976986697048181e-50
5.523920451655711759e+02 9.252319030589440111e-50
5.540911246253161835e+02 9.276841663345043326e-50
5.557954302121125920e+02 9.301546002101477148e-50
5.575049780007858544e+02 9.326433172080623301e-50
5.592197841156038294e+02 9.351504306633670987e-50
5.609398647304307133e+02 9.376760547283296193e-50
5.626652360688785848e+02 9.402203043770317221e-50
5.643959144044629284e+02 9.427832954105662021e-50
5.661319160607525873e+02 9.453651444613538852e-50
5.678732574115250600e+02 9.479659689987123980e-50
5.696199548809232738e+02 9.505858873335536253e-50
5.713720249436065615e+02 9.532250186239258935e-50
5.731294841249089131e+02 9.558834828801560102e-50
5.748923490009927946e+02 9.585614009703301060e-50
5.766606361990087635e+02 9.612588946258624050e-50
5.784343623972482646e+02 9.639760864471815507e-50
5.802135443253031326e+02 9.667130999093992702e-50
5.819981987642227068e+02 9.694700593682021837e-50
5.837883425466743574e+02 9.722470900660051227e-50
5.855839925570982132e+02 9.750443181379527083e-50
5.873851657318695061e+02 9.778618706179171318e-50
5.891918790594563689e+02 9.806998754451296694e-50
5.910041495805830891e+02 9.835584614703216555e-50
5.928219943883869973e+02 9.864377584620092193e-50
5.946454306285814937e+02 9.893378971133118623e-50
5.964744754996194160e+02 9.922590090482113663e-50
5.983091462528519742e+02 9.952012268282319259e-50
6.001494601926934820e+02 9.981646839589303686e-50
6.019954346767838160e+02 1.001149514896978899e-49
6.038470871161540572e+02 1.004155855056520673e-49
6.057044349753875849e+02 1.007183840816236396e-49
6.075674957727868559e+02 1.010233609526503987e-49
6.094362870805372268e+02 1.013305299516027998e-49
6.113108265248760063e+02 1.016399050099423158e-49
6.131911317862538908e+02 1.019515001584076437e-49
6.150772205995052673e+02 1.022653295277730022e-49
6.169691107540132862e+02 1.025814073495738014e-49
6.188668200938809605e+02 1.028997479568501648e-49
6.207703665180949884e+02 1.032203657849069359e-49
6.226797679806970791e+02 1.035432753720470208e-49
6.245950424909548246e+02 1.038684913603615140e-49
6.265162081135280232e+02 1.041960284964721005e-49
6.284432829686409150e+02 1.045259016323163577e-49
6.303762852322530534e+02 1.048581257259235436e-49
6.323152331362321092e+02 1.051927158421842122e-49
6.342601449685225816e+02 1.055296871536864130e-49
6.362110390733207623e+02 1.058690549414775762e-49
6.381679338512462891e+02 1.062108345959071314e-49
6.401308477595187014e+02 1.065550416174395176e-49
6.420997993121272884e+02 1.069016916174922811e-49
6.440748070800082132e+02 1.072508003192658174e-49
6.460558896912186810e+02 1.076023835585932051e-49
6.480430658311150864e+02 1.079564572848074555e-49
6.500363542425254764e+02 1.083130375615782618e-49
6.520357737259280384e+02 1.086721405677914977e-49
6.540413431396306123e+02 1.090337825984174350e-49
6.560530813999444035e+02 1.093979800653956357e-49
6.580710074813653137e+02 1.097647494984953834e-49
6.600951404167514056e+02 1.101341075462538072e-49
6.621254992975051437e+02 1.105060709768477649e-49
6.641621032737491532e+02 1.108806566790387659e-49
6.662049715545101662e+02 1.112578816630645101e-49
6.682541234078983052e+02 1.116377630616120506e-49
6.703095781612917108e+02 1.120203181307428138e-49
6.723713552015146888e+02 1.124055642508608629e-49
6.744394739750233612e+02 1.127935189276642392e-49
6.765139539880879056e+02 1.131841997931366796e-49
6.785948148069787749e+02 1.135776246065200768e-49
6.806820760581475724e+02 1.139738112552898255e-49
6.827757574284141810e+02 1.143727777561802873e-49
6.848758786651541186e+02 1.147745422561716460e-49
6.869824595764812329e+02 1.151791230335354640e-49
6.890955200314371041e+02 1.155865384988434161e-49
6.912150799601764675e+02 1.159968071960326351e-49
6.933411593541588900e+02 1.164099478034691771e-49
6.954737782663326016e+02 1.168259791350059990e-49
6.976129568113265123e+02 1.172449201411036252e-49
6.997587151656389324e+02 1.176667899099184726e-49
7.019110735678297033e+02 1.180916076684217325e-49
7.040700523187081217e+02 1.185193927835382880e-49
7.062356717815258662e+02 1.189501647633068251e-49
7.084079523821691282e+02 1.193839432580367163e-49
7.105869146093529025e+02 1.198207480614871418e-49
7.127725790148105034e+02 1.202605991120932331e-49
7.149649662134895607e+02 1.207035164941825697e-49
7.171640968837483570e+02 1.211495204392420012e-49
7.193699917675469351e+02 1.215986313272027776e-49
7.215826716706451407e+02 1.220508696877484692e-49
7.238021574627977088e+02 1.225062562016914816e-49
7.260284700779541254e+02 1.229648117023292317e-49
7.282616305144513262e+02 1.234265571769138720e-49
7.305016598352150368e+02 1.238915137681100689e-49
7.327485791679566773e+02 1.243597027755070011e-49
7.350024097053758396e+02 1.248311456572523757e-49
7.372631727053554869e+02 1.253058640316463732e-49
7.395308894911661355e+02 1.257838796789308787e-49
7.418055814516636701e+02 1.262652145430762625e-49
7.440872700414963674e+02 1.267498907337333269e-49
7.463759767813018016e+02 1.272379305282956490e-49
7.486717232579109123e+02 1.277293563740926578e-49
7.509745311245558241e+02 1.282241908907781872e-49
7.532844221010687988e+02 1.287224568729199744e-49
7.556014179740888039e+02 1.292241772928506092e-49
7.579255405972681956e+02 1.297293753037628800e-49
7.602568118914788329e+02 1.302380742432385170e-49
7.625952538450172824e+02 1.307502976371550672e-49
7.649408885138126379e+02 1.312660692041466847e-49
7.672937380216342262e+02 1.317854128607707255e-49
7.696538245603039741e+02 1.323083527274096803e-49
7.720211703898997939e+02 1.328349131353037242e-49
7.743957978389693153e+02 1.333651186348132098e-49
7.767777293047387275e+02 1.338989940053920512e-49
7.791669872533275338e+02 1.344365642676275726e-49
7.815635942199550072e+02 1.349778546980333302e-49
7.839675728091565361e+02 1.355228908473883771e-49
7.863789456949970145e+02 1.360716985637612424e-49
7.887977356212816176e+02 1.366243040217209373e-49
7.912239654017733983e+02 1.371807337598707692e-49
7.936576579204061090e+02 1.377410147297215355e-49
7.960988361315038446e+02 1.383051743601234325e-49
7.985475230599921588e+02 1.388732406433932477e-49
8.010037418016195261e+02 1.394452422522051025e-49
8.034675155231718691e+02 1.400212087006574820e-49
8.059388674626962938e+02 1.406011705701089625e-49
8.084178209297139119e+02 1.411851598317084256e-49
8.109043993054430075e+02 1.417732103164418611e-49
8.133986260430189077e+02 1.423653584160386416e-49
8.159005246677180594e+02 1.429616441546366642e-49
8.184101187771743753e+02 1.435621128750631747e-49
8.209274320416051296e+02 1.441668179799733514e-49
8.234524882040358307e+02 1.447758255585331000e-49
8.259853110805203187e+02 1.453892225463036256e-49
8.285259245603675708e+02 1.460071318855994185e-49
8.310743526063658919e+02 1.466297425185272235e-49
8.336306192550123342e+02 1.472573735038514607e-49
8.361947486167342731e+02 1.478906252219293156e-49
8.387667648761203054e+02 1.485307851089692291e-49
8.413466922921462583e+02 1.491811297244821652e-49
8.439345551984077929e+02 1.498523929623426172e-49
8.465303780033449357e+02 1.505994817950050116e-49
8.491341851904750229e+02 1.523581906493864110e-49
8.517460013186229162e+02 1.535000146089883286e-49
8.543658510221548568e+02 1.525772589055099089e-49
8.569937590112065209e+02 1.531316423137869256e-49
8.596297500719190339e+02 1.537719972252529208e-49
8.622738490666739608e+02 1.544345583382294489e-49
8.649260809343238634e+02 1.551077200201545047e-49
8.675864706904307013e+02 1.557881151748143813e-49
8.702550434274990039e+02 1.564744938419651758e-49
8.729318243152179093e+02 1.571663185494267353e-49
8.756168386006917217e+02 1.578633376982906683e-49
8.783101116086825186e+02 1.585654296997824728e-49
8.810116687418467336e+02 1.592725379589928407e-49
8.837215354809781047e+02 1.599846408903012334e-49
8.864397373852433475e+02 1.607017369528633542e-49
8.891663000924262406e+02 1.614238366899715426e-49
8.919012493191683006e+02 1.621509582647361600e-49
8.946446108612138914e+02 1.628831248430192473e-49
8.973964105936488522e+02 1.636203630001279568e-49
9.001566744711473120e+02 1.643627017187414956e-49
9.029254285282190722e+02 1.651101717405601221e-49
9.057026988794492581e+02 1.658628051363122622e-49
9.084885117197489990e+02 1.666206350143135620e-49
9.112828933246001952e+02 1.673836953191426019e-49
9.140858700503072214e+02 1.681520206902213922e-49
9.168974683342399885e+02 1.689256463609592646e-49
9.197177146950865563e+02 1.697046080859568675e-49
9.225466357331024483e+02 1.704889420878800986e-49
9.253842581303639463e+02 1.712786850183389155e-49
9.282306086510153591e+02 1.720738739288597467e-49
9.310857141415241358e+02 1.728745462493394214e-49
9.339496015309327959e+02 1.736807397718597275e-49
9.368222978311167708e+02 1.744924926387258826e-49
9.397038301370336058e+02 1.753098433335201144e-49
9.425942256269801192e+02 1.761328306745859155e-49
9.454935115628542235e+02 1.769614938103033913e-49
9.484017152904024215e+02 1.777958722158160235e-49
9.513188642394860608e+02 1.786360056908375737e-49
9.542449859243344008e+02 1.794819343583966178e-49
9.571801079438099578e+02 1.803336986642354381e-49
9.601242579816627085e+02 1.811913393768178483e-49
9.630774638067948672e+02 1.820548975878144161e-49
9.660397532735202049e+02 1.829244147129676623e-49
9.690111543218321231e+02 1.837999324933680364e-49
9.719916949776604724e+02 1.846814929971283277e-49
9.749814033531388304e+02 1.855691386214704108e-49
9.779803076468704148e+02 1.864629120959072865e-49
9.809884361441950205e+02 1.873628564875943281e-49
9.840058172174511810e+02 1.882690152146724151e-49
9.870324793262476533e+02 1.891814320997898904e-49
9.900684510177328548e+02 1.901001518686409099e-49
9.931137609268602091e+02 1.910252109600830009e-49
9.961684377766601983e+02 1.919566705235862012e-49
9.992325103785107103e+02 1.928945636166858930e-49
1.002306007632412388e+03 1.938389381984824241e-49
1.005388958527255227e+03 1.947898402380889085e-49
1.008481392141095625e+03 1.957473159220936250e-49
1.011583337641429239e+03 1.967114117647351149e-49
1.014694824285469622e+03 1.976821746298464010e-49
1.017815881420418577e+03 1.986596517389633668e-49
1.020946538483746394e+03 1.996438906760992799e-49
1.024086825003467993e+03 2.006349393913537155e-49
1.027236770598425665e+03 2.016328462042222555e-49
1.030396404978561122e+03 2.026376598067222015e-49
1.033565757945200630e+03 2.036494292664777229e-49
1.036744859391337513e+03 2.046682040297957368e-49
1.039933739301909100e+03 2.056940339247234054e-49
1.043132427754082755e+03 2.067269691642172240e-49
1.046340954917538284e+03 2.077670603492035193e-49
1.049559351054755098e+03 2.088143584717807721e-49
1.052787646521294619e+03 2.098689149184299548e-49
1.056025871766086766e+03 2.109307814732105121e-49
1.059274057331718495e+03 2.120000103210713887e-49
1.062532233854723245e+03 2.130766540510990082e-49
1.065800432065865834e+03 2.141607656599341193e-49
1.069078682790435096e+03 2.152523985550916369e-49
1.072367016948534001e+03 2.163516065584100395e-49
1.075665465555372748e+03 2.174584439095236331e-49
1.078974059721558433e+03 2.185729652694246795e-49
1.082292830653389046e+03 2.196952257239631978e-49
1.085621809653152241e+03 2.208252807875752653e-49
1.088961028119413868e+03 2.219631864068968792e-49
1.092310517547318113e+03 2.231089989645923031e-49
1.095670309528882854e+03 2.242627752831589418e-49
1.099040435753302063e+03 2.254245726288918917e-49
1.102420928007237080e+03 2.265944487159096448e-49
1.105811818175122653e+03 2.277724617102897875e-49
1.109213138239463660e+03 2.289586702343733037e-49
1.112624920281142067e+03 2.301531333712315179e-49
1.116047196479713193e+03 2.313559106692513530e-49
1.119479999113712665e+03 2.325670621470720375e-49
1.122923360560959054e+03 2.337866482985943979e-49
1.126377313298864692e+03 2.350147300986554477e-49
1.129841889904733989e+03 2.362513690087610133e-49
1.133317123056074024e+03 2.374966269835885273e-49
1.136803045530907639e+03 2.387505664780509708e-49
1.140299690208073571e+03 2.400132504552592869e-49
1.143807090067543868e+03 2.412847423955438158e-49
1.147325278190729705e+03 2.425651063069430608e-49
1.150854287760799934e+03 2.438544067375274921e-49
1.154394152062987132e+03 2.451527087903126777e-49
1.157944904484905464e+03 2.464600781415204757e-49
1.161506578516862874e+03 2.477765810635524968e-49
1.165079207752182811e+03 2.491022844543846977e-49
1.168662825887513463e+03 2.504372558762093664e-49
1.172257466723149946e+03 2.517815636070458117e-49
1.175863164163351939e+03 2.531352767115251110e-49
1.179479952216666106e+03 2.544984651400597688e-49
1.183107864996242370e+03 2.558711998711561831e-49
1.186746936720156327e+03 2.572535531209122044e-49
1.190397201711738717e+03 2.586455986598799394e-49
1.194058694399889646e+03 2.600474123067828201e-49
1.197731449319408284e+03 2.614590727237329013e-49
1.201415501111317099e+03 2.628806627464112397e-49
1.205110884523194045e+03 2.643122717071760904e-49
1.208817634409490438e+03 2.657539997051104472e-49
1.212535785731867009e+03 2.672059659475477477e-49
1.216265373559520413e+03 2.686683263095795685e-49
1.220006433069518607e+03 2.701413139425549022e-49
1.223758999547125541e+03 2.716253454430770594e-49
1.227523108386139484e+03 2.731213492393510946e-49
1.231298795089222722e+03 2.746320674900315442e-49
1.235086095268242843e+03 2.761698963982287976e-49
1.238885044644600839e+03 2.778811763927103483e-49
1.242695679049571936e+03 2.806680921949136392e-49
1.246518034424646430e+03 2.808038079381587487e-49
1.250352146821861879e+03 2.823126721392072854e-49
1.254198052404148712e+03 2.838691106613975190e-49
1.258055787445667420e+03 2.854435485234293520e-49
1.261925388332156444e+03 2.870313263472438555e-49
1.265806891561268458e+03 2.886312243438684347e-49
1.269700333742918247e+03 2.902428518584822687e-49
1.273605751599626501e+03 2.918660869150005486e-49
1.277523181966871107e+03 2.935009128361623376e-49
1.281452661793427069e+03 2.951473602206061132e-49
1.285394228141718713e+03 2.968054832421823311e-49
1.289347918188169615e+03 2.984753488969672537e-49
1.293313769223554800e+03 3.001570317078471621e-49
1.297291818653347946e+03 3.018506109392230081e-49
1.301282103998075627e+03 3.035561690507504923e-49
1.305284662893677023e+03 3.052737907997853855e-49
1.309299533091849526e+03 3.070035627001271657e-49
1.313326752460411171e+03 3.087455726854436822e-49
1.317366358983653981e+03 3.104999098941920632e-49
1.321418390762709123e+03 3.122666645292711870e-49
1.325482886015897066e+03 3.140459277649015350e-49
1.329559883079093652e+03 3.158377916839700177e-49
1.333649420406088893e+03 3.176423492357184464e-49
1.337751536568955544e+03 3.194596942070313291e-49
1.341866270258405166e+03 3.212899212032026743e-49
1.345993660284156476e+03 3.231331256353293710e-49
1.350133745575300509e+03 3.249894037123735780e-49
1.354286565180673506e+03 3.268588524366195506e-49
1.358452158269215033e+03 3.287415696016407152e-49
1.362630564130343828e+03 3.306376537921271541e-49
1.366821822174330691e+03 3.325472043850826927e-49
1.371025971932663197e+03 3.344703215520341001e-49
1.375243053058423129e+03 3.364071062621988487e-49
1.379473105326658697e+03 3.383576602861122691e-49
1.383716168634763562e+03 3.403220861998651941e-49
1.387972283002847462e+03 3.423004873897731571e-49
1.392241488574116602e+03 3.442929680573176580e-49
1.396523825615250416e+03 3.462996332242951153e-49
1.400819334516788331e+03 3.483205887383879924e-49
1.405128055793499925e+03 3.503559412787529763e-49
1.409450030084774426e+03 3.524057983619032167e-49
1.413785298155000646e+03 3.544702683476752645e-49
1.418133900893956707e+03 3.565494604453826553e-49
1.422495879317188383e+03 3.586434847201744460e-49
1.426871274566398370e+03 3.607524520993699732e-49
1.431260127909841003e+03 3.628764743791542164e-49
1.435662480742699927e+03 3.650156642312727811e-49
1.440078374587488270e+03 3.671701352099901745e-49
1.444507851094432453e+03 3.693400017591921107e-49
1.448950952041875098e+03 3.715253792198573069e-49
1.453407719336657919e+03 3.737263838375880003e-49
1.457878195014524863e+03 3.759431327707067050e-49
1.462362421240512731e+03 3.781757440986979236e-49
1.466860440309357045e+03 3.804243368313232842e-49
1.471372294645881993e+03 3.826890309186246277e-49
1.475898026805405152e+03 3.849699472626821792e-49
1.480437679474137667e+03 3.872672077354007340e-49
1.484991295469590796e+03 3.895809352483140827e-49
1.489558917740972902e+03 3.919112526276815639e-49
1.494140589369597137e+03 3.942582868200102962e-49
1.498736353569293897e+03 3.966221621019019245e-49
1.503346253686808041e+03 3.990030057417938519e-49
1.507970333202214761e+03 4.014009457796063040e-49
1.512608635729326352e+03 4.038161113807528186e-49
1.517261205016109670e+03 4.062486329167498680e-49
1.521928084945088358e+03 4.086986420624713753e-49
1.526609319533765529e+03 4.111662719361093566e-49
1.531304952935033953e+03 4.136516573110413078e-49
1.536015029437598059e+03 4.161549349483562508e-49
1.540739593466384349e+03 4.186762441402318375e-49
1.545478689582965899e+03 4.212157276355224875e-49
1.550232362485978229e+03 4.237735332951483772e-49
1.555000657011549038e+03 4.263498172255886604e-49
1.559783618133710661e+03 4.289447501277231981e-49
1.564581290964829122e+03 4.315585312904749022e-49
1.569393720756034327e+03 4.341914229362123344e-49
1.574220952897637972e+03 4.368438475117212888e-49
1.579063032919566695e+03 4.395167253900737433e-49
1.583920006491789536e+03 4.422130852611537982e-49
1.588791919424755179e+03 4.449521040426406554e-49
1.593678817669812815e+03 4.491092549611987454e-49
1.598580747319653938e+03 4.504816962735015278e-49
1.603497754608742753e+03 4.531724989346235096e-49
1.608429885913758653e+03 4.559496312720902562e-49
1.613377187754024817e+03 4.587544187482323447e-49
1.618339706791952722e+03 4.615814833950070845e-49
1.623317489833478703e+03 4.644297452704059784e-49
1.628310583828512790e+03 4.672989595793219068e-49
1.633319035871371625e+03 4.701891212666604686e-49
1.638342893201226616e+03 4.731003123603831783e-49
1.643382203202555502e+03 4.760326521982064683e-49
1.648437013405578909e+03 4.789862783121333606e-49
1.653507371486715556e+03 4.819613381526226950e-49
1.658593325269027901e+03 4.849579851615418923e-49
1.663694922722680758e+03 4.879763767685846125e-49
1.668812211965383085e+03 4.910166733075554331e-49
1.673945241262849095e+03 4.940790374015489298e-49
1.679094059029249138e+03 4.971636336002882683e-49
1.684258713827674683e+03 5.002706281594264838e-49
1.689439254370584649e+03 5.034001889028147904e-49
1.694635729520272207e+03 5.065524851351024889e-49
1.699848188289322479e+03 5.097276875856668545e-49
1.705076679841081614e+03 5.129259683726266063e-49
1.710321253490109711e+03 5.161475009800625724e-49
1.715581958702651946e+03 5.193924602439286217e-49
1.720858845097109679e+03 5.226610223443073829e-49
1.726151962444497485e+03 5.259533648014646466e-49
1.731461360668921543e+03 5.292696664751778382e-49
1.736787089848044388e+03 5.326101075661690133e-49
1.742129200213566719e+03 5.359748696188786267e-49
1.747487742151689190e+03 5.393641355257691521e-49
1.752862766203594447e+03 5.427780895322952898e-49
1.758254323065921426e+03 5.462169172426828933e-49
1.763662463591249889e+03 5.496808056262373687e-49
1.769087238788570403e+03 5.531699430243836128e-49
1.774528699823770012e+03 5.566845191579349080e-49
1.779986898020114040e+03 5.602247251350992815e-49
1.785461884858736312e+03 5.637907534600194386e-49
1.790953711979113905e+03 5.673827980419062079e-49
1.796462431179559189e+03 5.710010542051700841e-49
1.801988094417714365e+03 5.746457187006490150e-49
1.807530753811030308e+03 5.783169897184461815e-49
1.813090461637266799e+03 5.820150669028647022e-49
1.818667270334979094e+03 5.857401513705898988e-49
1.824261232504022473e+03 5.894924457333600016e-49
1.829872400906036091e+03 5.932721541273538688e-49
1.835500828464947972e+03 5.970794822531715041e-49
1.841146568267471594e+03 6.009146374316499159e-49
1.846809673563612705e+03 6.047778286857452971e-49
1.852490197767160453e+03 6.086692668651751135e-49
1.858188194456200108e+03 6.125891648438795748e-49
1.863903717373611926e+03 6.165377378475492902e-49
1.869636820427590010e+03 6.205152040229827770e-49
1.875387557692134351e+03 6.245217854824174328e-49
1.881155983407569693e+03 6.285577103443891226e-49
1.886942151981061897e+03 6.326232170369524843e-49
1.892746117987120442e+03 6.367185642754994662e-49
1.898567936168119104e+03 6.408440572387229899e-49
1.904407661434810507e+03 6.450001288842967096e-49
1.910265348866849536e+03 6.491876641838652014e-49
1.916141053713304018e+03 6.534099702034540732e-49
1.922034831393181094e+03 6.577047192143470437e-49
1.927946737495946763e+03 6.622645461251983797e-49
1.933876827782058399e+03 6.662522561867588463e-49
1.939825158183479289e+03 6.705817569033685076e-49
1.945791784804212512e+03 6.749519694836813504e-49
1.951776763920827534e+03 6.793559359091558527e-49
1.957780151982999087e+03 6.837927285296434120e-49
1.963802005614026029e+03 6.882622637562098543e-49
1.969842381611373185e+03 6.927646640100386876e-49
1.975901336947212485e+03 6.973001197958821504e-49
1.981978928768947526e+03 7.018688493306797842e-49
1.988075214399761308e+03 7.064710838050199452e-49
1.994190251339152837e+03 7.111070623758305186e-49
2.000324097263488056e+03 7.157770283159378960e-49
2.006476810026530757e+03 7.204812284575865967e-49
2.012648447659996009e+03 7.252199122628689155e-49
2.018839068374095632e+03 7.299933314522093914e-49
2.025048730558092075e+03 7.348017397809846912e-49
2.031277492780840021e+03 7.396453929048375651e-49
2.037525413791345500e+03 7.445245482961371201e-49
2.043792552519316814e+03 7.494394651910622242e-49
2.050078968075725697e+03 7.543904045555336885e-49
2.056384719753356421e+03 7.593776290626859183e-49
2.062709867027369000e+03 7.644014030782191269e-49
2.069054469555866490e+03 7.694619926507105132e-49
2.075418587180446593e+03 7.745596655050557878e-49
2.081802279926771917e+03 7.796946910384128181e-49
2.088205608005134309e+03 7.848673403174283145e-49
2.094628631811030118e+03 7.900778860768417545e-49
2.101071411925716802e+03 7.953266027185543611e-49
2.107534009116794095e+03 8.006137663112316564e-49
2.114016484338771079e+03 8.059396545905792124e-49
2.120518898733652350e+03 8.113045469597218669e-49
2.127041313631497815e+03 8.167087244900248994e-49
2.133583790551014317e+03 8.221524699222777109e-49
2.140146391200128164e+03 8.276360676684437431e-49
2.146729177476576751e+03 8.331598038142762414e-49
2.153332211468481091e+03 8.387239661229080354e-49
2.159955555454935165e+03 8.443288440403393691e-49
2.166599271906599824e+03 8.499747287040252368e-49
2.173263423486284410e+03 8.556619129552823678e-49
2.179948073049537015e+03 8.613906913597522509e-49
2.186653283645243846e+03 8.671613602394141116e-49
2.193379118516221752e+03 8.729742177255753456e-49
2.200125641099811219e+03 8.788295638485409762e-49
2.206892915028476182e+03 8.847277006953552404e-49
2.213681004130404745e+03 8.906689326992667558e-49
2.220489972430116723e+03 8.966535672030963002e-49
2.227319884149056634e+03 9.026819156308391582e-49
2.234170803706208062e+03 9.087542961498216800e-49
2.241042795718692560e+03 9.148710404486331325e-49
2.247935925002395379e+03 9.210325138866330964e-49
2.254850256572556646e+03 9.272391904866235928e-49
2.261785855644396634e+03 9.334920547542114535e-49
2.268742787633732405e+03 9.397971870992859943e-49
2.275721118157586716e+03 9.502268996438120338e-49
2.282720913034811019e+03 9.525273595557620548e-49
2.289742238286704833e+03 9.589564756821275919e-49
2.296785160137647836e+03 9.654376735196012501e-49
2.303849745015707413e+03 9.719668559603418486e-49
2.310936059553277119e+03 9.785437731369061943e-49
2.318044170587701501e+03 9.851686064957030326e-49
2.325174145161912747e+03 9.918416336768459793e-49
2.332326050525051869e+03 9.985631629537937698e-49
2.339499954133108986e+03 1.005333515114130310e-48
2.346695923649558608e+03 1.012153017238153772e-48
2.353914026946004469e+03 1.019022000211135074e-48
2.361154332102808439e+03 1.025940797607509067e-48
2.368416907409735813e+03 1.032909745140458550e-48
2.375701821366608783e+03 1.039929180368624445e-48
2.383009142683940809e+03 1.046999442527386877e-48
2.390338940283587817e+03 1.054120872424484271e-48
2.397691283299399856e+03 1.061293812370734301e-48
2.405066241077878203e+03 1.068518606129995736e-48
2.412463883178819287e+03 1.075795598880889610e-48
2.419884279375974984e+03 1.083125137185204654e-48
2.427327499657711542e+03 1.090507568959769450e-48
2.434793614227674880e+03 1.097943243451408136e-48
2.442282693505441330e+03 1.105432511212584809e-48
2.449794808127189754e+03 1.112975724077945822e-48
2.457330028946363200e+03 1.120573235141286732e-48
2.464888427034347842e+03 1.128225398732288613e-48
2.472470073681127815e+03 1.135932570394548956e-48
2.480075040395964152e+03 1.143695107046830087e-48
2.487703398908077816e+03 1.151513365980602355e-48
2.495355221167312720e+03 1.159387706857825744e-48
2.503030579344822854e+03 1.167318489602947814e-48
2.510729545833745306e+03 1.175306075452923426e-48
2.518452193249897391e+03 1.183350826704522955e-48
2.526198594432445134e+03 1.191453106689517095e-48
2.533968822444599937e+03 1.199613279748166608e-48
2.541762950574301613e+03 1.207831711203281649e-48
2.549581052334921424e+03 1.216108767334648449e-48
2.557423201465941020e+03 1.224444815355949012e-48
2.565289471933655477e+03 1.232840223395603620e-48
2.573179937931866334e+03 1.241295360485098875e-48
2.581094673882594179e+03 1.249810596562648282e-48
2.589033754436762138e+03 1.258386302504991766e-48
2.596997254474912552e+03 1.267022850219348773e-48
2.604985249107906384e+03 1.275720612865455487e-48
2.612997813677642625e+03 1.284479965386785479e-48
2.621035023757754516e+03 1.293301285862762769e-48
2.629096955154327588e+03 1.302184959370149482e-48
2.637183683906624992e+03 1.311131391264585951e-48
2.645295286287787803e+03 1.320141068745416554e-48
2.653431838805564894e+03 1.329215060528484663e-48
2.661593418203028705e+03 1.338382222434631516e-48
2.669780101459312391e+03 1.347556727976598297e-48
2.677991965790316499e+03 1.356817483275873435e-48
2.686229088649448840e+03 1.366147333872241274e-48
2.694491547728352543e+03 1.375542929081375859e-48
2.702779420957645016e+03 1.385004340795012601e-48
2.711092786507640085e+03 1.394531880713520220e-48
2.719431722789094238e+03 1.404125905168390412e-48
2.727796308453942856e+03 1.413786782990859346e-48
2.736186622396051007e+03 1.423514887412104212e-48
2.744602743751941034e+03 1.433310593416141161e-48
2.753044751901551081e+03 1.443174276693871351e-48
2.761512726468984511e+03 1.453106313156859263e-48
2.770006747323252057e+03 1.463107078674235277e-48
2.778526894579032160e+03 1.473176948906542386e-48
2.787073248597420388e+03 1.483316299185657219e-48
2.795645889986702969e+03 1.493525504416535070e-48
2.804244899603094382e+03 1.503804938990910839e-48
2.812870358551515892e+03 1.514154976706793935e-48
2.821522348186352701e+03 1.524575990690138502e-48
2.830200950112232931e+03 1.535068353317911091e-48
2.838906246184780684e+03 1.545632436141166531e-48
2.847638318511399120e+03 1.556268609807308251e-48
2.856397249452038523e+03 1.566977243981574061e-48
2.865183121619986196e+03 1.577758707267415893e-48
2.873996017882628166e+03 1.588613367125266362e-48
2.882836021362236806e+03 1.599541589789489156e-48
2.891703215436766186e+03 1.610543740185072073e-48
2.900597683740621505e+03 1.621620181840901945e-48
2.909519510165458541e+03 1.632771276802819271e-48
2.918468778860966268e+03 1.643997385544309742e-48
2.927445574235678123e+03 1.655298866875838438e-48
2.936449980957744629e+03 1.666676077852520389e-48
2.945482083955749658e+03 1.678129373680167332e-48
2.954541968419499426e+03 1.689659107620262753e-48
2.963629719800841485e+03 1.701265630894318271e-48
2.972745423814454625e+03 1.712949292591013066e-48
2.981889166438662869e+03 1.724710439541063262e-48
2.991061033916247197e+03 1.736549416310233795e-48
3.000261112755267277e+03 1.748466565007103760e-48
3.009489489729859997e+03 1.760462225297400010e-48
3.018746251881067110e+03 1.772536734370673026e-48
3.028031486517666508e+03 1.784690427054727173e-48
3.037345281216975764e+03 1.796923636266307691e-48
3.046687723825688408e+03 1.809236694536997713e-48
3.056058902460703393e+03 1.821629939786440201e-48
3.065458905509960459e+03 1.834103744780351158e-48
3.074887821633260501e+03 1.846658804253288090e-48
3.084345739763111851e+03 1.859389728170032217e-48
3.093832749105563835e+03 1.872011885201522703e-48
3.103348939141059418e+03 1.884809747605676014e-48
3.112894399625262395e+03 1.897690417205911677e-48
3.122469220589914585e+03 1.910653527945572589e-48
3.132073492343680300e+03 1.923699301644175368e-48
3.141707305473009001e+03 1.936828011577203210e-48
3.151370750842972939e+03 1.950039938043020193e-48
3.161063919598130724e+03 1.963335360120160895e-48
3.170786903163399984e+03 1.976714553364829935e-48
3.180539793244896828e+03 1.990177788937451645e-48
3.190322681830818510e+03 2.003725333165398105e-48
3.200135661192298812e+03 2.017357447260342409e-48
3.209978823884294798e+03 2.031074387098062066e-48
3.219852262746440829e+03 2.044876403023845800e-48
3.229756070903935779e+03 2.058763739669486158e-48
3.239690341768413418e+03 2.072736635774032359e-48
3.249655169038840995e+03 2.086795324006416430e-48
3.259650646702378253e+03 2.100940030786549726e-48
3.269676869035280561e+03 2.115170976105356846e-48
3.279733930603780209e+03 2.129488373342548250e-48
3.289821926264990452e+03 2.143892429081955315e-48
3.299940951167784078e+03 2.158383342923704968e-48
3.310091100753696537e+03 2.172961307293784783e-48
3.320272470757838164e+03 2.187626507251798907e-48
3.330485157209777753e+03 2.202379120293546850e-48
3.340729256434458875e+03 2.217219316152818323e-48
3.351004865053104822e+03 2.232147256598346397e-48
3.361312079984143566e+03 2.247163095229023809e-48
3.371650998444096786e+03 2.262266977265466593e-48
3.382021717948516653e+03 2.277459039338942952e-48
3.392424336312895775e+03 2.292739409277931127e-48
3.402858951653600798e+03 2.308108205891520480e-48
3.413325662388784167e+03 2.323565538753690434e-48
3.423824567239317730e+03 2.339111507985062815e-48
3.434355765229724966e+03 2.354746204042603445e-48
3.444919355689124131e+03 2.370469707520536090e-48
3.455515438252142758e+03 2.386282088988699941e-48
3.466144112859873076e+03 2.402183408930364436e-48
3.476805479760823800e+03 2.418173717971356241e-48
3.487499639511838723e+03 2.434253058235324115e-48
3.498226692979066229e+03 2.450421469827609124e-48
3.508986741338902902e+03 2.466679038276118727e-48
3.519779886078956679e+03 2.483027170900783273e-48
3.530606228998988627e+03 2.499462558691727175e-48
3.541465872211884744e+03 2.515985758996498891e-48
3.552358918144611380e+03 2.532599274183110215e-48
3.563285469539196129e+03 2.549301841152632156e-48
3.574245629453676884e+03 2.566093335097304332e-48
3.585239501263086822e+03 2.582973671746163539e-48
3.596267188660422107e+03 2.599942762173545093e-48
3.607328795657633691e+03 2.617000505951672442e-48
3.618424426586590471e+03 2.634146789314577471e-48
3.629554186100067909e+03 2.651381484383197455e-48
3.640718179172752116e+03 2.668704448690899314e-48
3.651916511102203003e+03 2.686115524804869904e-48
3.663149287509867918e+03 2.703614539985043733e-48
3.674416614342063895e+03 2.721201305856469104e-48
3.685718597870995382e+03 2.738875618085188689e-48
3.697055344695736039e+03 2.756637256055482596e-48
3.708426961743244647e+03 2.774485982543194099e-48
3.719833556269368728e+03 2.792421543389149258e-48
3.731275235859872737e+03 2.810443667167452586e-48
3.742752108431425768e+03 2.828552064850812191e-48
3.754264282232637470e+03 2.846746429472098901e-48
3.765811865845073498e+03 2.865026435782077994e-48
3.777394968184288700e+03 2.883391739904269467e-48
3.789013698500838473e+03 2.901841978984439739e-48
3.800668166381315132e+03 2.920376770837692877e-48
3.812358481749397015e+03 2.938995713590938308e-48
3.824084754866859384e+03 2.957698385322728953e-48
3.835847096334631260e+03 2.976484343699556977e-48
3.847645617093830424e+03 2.995353125608795551e-48
3.859480428426825711e+03 3.014304246791697134e-48
3.871351641958263372e+03 3.033337201476928370e-48
3.883259369656133003e+03 3.052451462020273303e-48
3.895203723832821652e+03 3.071646478568339566e-48
3.907184817146182468e+03 3.090921678783055647e-48
3.919202762600575170e+03 3.110276467765031784e-48
3.931257673547951981e+03 3.129710228703736835e-48
3.943349663688913552e+03 3.149222327118232199e-48
3.955478847073801717e+03 3.168812144946554161e-48
3.967645338103744962e+03 3.188480267011076331e-48
3.979849251531756636e+03 3.208222371230698810e-48
3.992090702463824982e+03 3.228040209652589239e-48
4.004369806359975883e+03 3.247933333522293119e-48
4.016686679035377438e+03 3.267900441775669074e-48
4.029041436661425450e+03 3.287940679096039469e-48
4.041434195766856647e+03 3.308053189632001929e-48
4.053865073238815967e+03 3.328237094518526536e-48
4.066334186323985705e+03 3.348491488053972799e-48
4.078841652629676901e+03 3.368815436440447443e-48
4.091387590124953476e+03 3.389207977084270645e-48
4.103972117141726812e+03 3.409668118052971760e-48
4.116595352375884431e+03 3.430194837583995030e-48
4.129257414888395942e+03 3.450787083613210765e-48
4.141958424106465827e+03 3.471443773309232643e-48
4.154698499824624378e+03 3.492163792608941337e-48
4.167477762205867293e+03 3.512945995753783574e-48
4.180296331782817106e+03 3.533789204822822958e-48
4.193154329458816392e+03 3.554692209264500617e-48
4.206051876509097383e+03 3.575653765426929417e-48
4.218989094581913378e+03 3.596672596084825689e-48
4.231966105699704713e+03 3.617747389965382927e-48
4.244983032260216532e+03 3.638876801271094131e-48
4.258039997037682042e+03 3.660059449201339277e-48
4.271137123183965741e+03 3.681293917473511531e-48
4.284274534229740311e+03 3.702578753841228246e-48
4.297452354085630759e+03 3.723912469615275465e-48
4.310670707043394032e+03 3.745293539186543915e-48
4.323929717777092264e+03 3.766720399557398885e-48
4.337229511344275124e+03 3.788191449896425305e-48
4.350570213187141235e+03 3.809705051158185105e-48
4.363951949133730523e+03 3.831259525904924790e-48
4.377374845399127480e+03 3.852853158915599579e-48
4.390839028586617133e+03 3.874484202016325540e-48
4.404344625688911037e+03 3.896150921444763755e-48
4.417891764089321441e+03 3.917857618031884588e-48
4.431480571562989098e+03 3.939583695039049906e-48
4.445111176278061066e+03 3.961345688460539359e-48
4.458783706796912156e+03 3.983135863071176955e-48
4.472498292077355472e+03 4.004952045175932749e-48
4.486255061473872956e+03 4.026792167629713848e-48
4.500054144738807736e+03 4.048654132111088301e-48
4.513895672023608313e+03 4.070535798458431317e-48
4.527779773880044559e+03 4.092434982394366688e-48
4.541706581261463725e+03 4.114349454572553393e-48
4.555676225523985522e+03 4.136276939938646341e-48
4.569688838427768133e+03 4.158215117183216151e-48
4.583744552138256040e+03 4.180161618231584655e-48
4.597843499227405118e+03 4.202114027748954806e-48
4.611985812674945919e+03 4.224069882653360668e-48
4.626171625869631498e+03 4.246026671636395582e-48
4.640401072610512529e+03 4.267981834686214392e-48
4.654674287108176031e+03 4.289932762616246997e-48
4.668991403986023215e+03 4.311876796599210585e-48
4.683352558281535494e+03 4.333811227703873596e-48
4.697757885447560511e+03 4.355733296438616394e-48
4.712207521353571792e+03 4.377640192300674692e-48
4.726701602286956586e+03 4.399529053332018627e-48
4.741240264954300983e+03 4.421396965687460311e-48
4.755823646482695949e+03 4.443240963216219252e-48
4.770451884420999704e+03 4.465058027075368581e-48
4.785125116741152851e+03 4.486845085415828021e-48
4.799843481839490778e+03 4.508599013280080363e-48
4.814607118538024224e+03 4.530316633307372193e-48
4.829416166085764416e+03 4.551994720835460920e-48
4.844270764160025465e+03 4.573630055347114661e-48
4.859171052867768594e+03 4.595231178628019430e-48
4.874117172746884535e+03 4.616758657466380522e-48
4.889109264767548666e+03 4.638244912334000123e-48
4.904147470333529782e+03 4.659674770254823615e-48
4.919231931283553422e+03 4.681044530462190761e-48
4.934362789892606997e+03 4.702350553171262102e-48
4.949540188873295847e+03 4.723589151967846312e-48
4.964764271377187470e+03 4.744756584966520100e-48
4.980035180996177587e+03 4.765849052986493484e-48
4.995353061763816186e+03 4.786862698855310905e-48
5.010718058156677216e+03 4.807793607008996964e-48
5.026130315095742844e+03 4.828637803179030857e-48
5.041589977947732223e+03 4.849391254125551612e-48
5.057097192526501203e+03 4.870049867397870450e-48
5.072652105094399303e+03 4.890609491114863367e-48
5.088254862363676693e+03 4.911065913767341183e-48
5.103905611497832069e+03 4.931414864035842199e-48
5.119604500113026006e+03 4.951652010630571870e-48
5.135351676279457024e+03 4.971772962149933739e-48
5.151147288522783128e+03 4.991773266964637319e-48
5.166991485825492418e+03 5.011648413126670088e-48
5.182884417628323718e+03 5.031393828319802035e-48
5.198826233831673562e+03 5.051004879878780374e-48
5.214817084797022289e+03 5.070476874971947094e-48
5.230857121348327382e+03 5.089805061315960160e-48
5.246946494773458653e+03 5.108984630308054059e-48
5.263085356825641611e+03 5.128010738785572361e-48
5.279273859724858085e+03 5.146879073655226190e-48
5.295512156159302322e+03 5.165583183465181659e-48
5.311800399286808897e+03 5.184118214613057985e-48
5.328138742736320637e+03 5.202480245099929499e-48
5.344527340609306520e+03 5.220663531052127818e-48
5.360966347481233242e+03 5.238662806040693240e-48
5.377455918403016767e+03 5.256472768380722987e-48
5.393996208902501166e+03 5.274088060999903416e-48
5.410587374985896531e+03 5.291503268777802709e-48
5.427229573139272361e+03 5.308712918170427974e-48
5.443922960330021851e+03 5.325711477345013694e-48
5.460667694008361650e+03 5.342493356480325963e-48
5.477463932108788867e+03 5.359052908149923662e-48
5.494311833051583562e+03 5.375384427754146926e-48
5.511211555744320322e+03 5.391482154004760593e-48
5.528163259583334366e+03 5.407340269446867070e-48
5.545167104455248591e+03 5.422952901030263000e-48
5.562223250738467868e+03 5.438314120726085382e-48
5.579331859304712452e+03 5.453417946207415581e-48
5.596493091520510461e+03 5.468258341620515719e-48
5.613707109248729466e+03 5.482829218545163912e-48
5.630974074850103534e+03 5.497124437508454993e-48
5.648294151184776638e+03 5.511137811898892988e-48
5.665667501613816967e+03 5.524863129396511650e-48
5.683094290000769433e+03 5.538294603263145087e-48
5.700574680713198177e+03 5.551425146858320551e-48
5.718108838624249984e+03 5.564247168440527260e-48
5.735696929114185878e+03 5.576756565023520683e-48
5.753339118071950907e+03 5.588945973307382815e-48
5.771035571896758483e+03 5.600808829507009602e-48
5.788786457499624703e+03 5.612338558269314440e-48
5.806591942304967233e+03 5.623528547366060350e-48
5.824452194252169647e+03 5.634372145368324023e-48
5.842367381797193957e+03 5.644862662200175241e-48
5.860337673914127663e+03 5.654993370336151528e-48
5.878363240096806294e+03 5.664757506221284601e-48
5.896444250360399565e+03 5.674148271807221310e-48
5.914580875243032096e+03 5.683158836172873050e-48
5.932773285807369575e+03 5.691782337228407398e-48
5.951021653642241290e+03 5.700011883497609629e-48
5.969326150864259944e+03 5.707840556001174979e-48
5.987686950119456014e+03 5.715261410305179424e-48
6.006104224584880285e+03 5.722267478912363238e-48
6.024578147970250029e+03 5.728851774902842882e-48
6.043108894519607929e+03 5.735007302517527457e-48
6.061696639012928244e+03 5.740727153887379816e-48
6.080341556767790280e+03 5.746212843858683835e-48
6.099043823641017298e+03 5.750830856527570456e-48
6.117803616030364537e+03 5.755200641040820150e-48
6.136621110876141756e+03 5.759106489767393697e-48
6.155496485662905798e+03 5.762541223950116925e-48
6.174429918421127695e+03 5.765497749061867403e-48
6.193421587728892518e+03 5.767968980105306091e-48
6.212471672713547377e+03 5.769947836991313718e-48
6.231580353053415820e+03 5.771427245997691088e-48
6.250747808979480396e+03 5.772400142361915195e-48
6.269974221277108882e+03 5.772859473225095819e-48
6.289259771287715921e+03 5.772798200744961132e-48
6.308604640910501985e+03 5.772209305335761215e-48
6.328009012604178679e+03 5.771085789023128409e-48
6.347473069388657677e+03 5.769420678923295876e-48
6.366996994846798771e+03 5.767207030892430555e-48
6.386580973126132449e+03 5.764437933518730271e-48
6.406225188940615226e+03 5.761106513243588531e-48
6.425929827572345857e+03 5.757205945968123298e-48
6.445695074873324302e+03 5.752729559390456618e-48
6.465521117267201589e+03 5.747680014756245036e-48
6.485408141751059702e+03 5.742021571293782796e-48
6.505356335897138706e+03 5.735776793641710855e-48
6.525365887854628454e+03 5.728929475783987900e-48
6.545436986351435735e+03 5.721473044971256368e-48
6.565569820695984163e+03 5.713401049281121536e-48
6.585764580778965865e+03 5.704707116967434570e-48
6.606021457075147737e+03 5.695384956392877337e-48
6.626340640645191343e+03 5.685428359914083215e-48
6.646722323137413696e+03 5.674831208579418068e-48
6.667166696789619891e+03 5.663587477117668950e-48
6.687673954430905724e+03 5.651691239098394442e-48
6.708244289483503053e+03 5.639136672228439917e-48
6.728877895964560594e+03 5.625918063783770564e-48
6.749574968488004743e+03 5.612029816181633409e-48
6.770335702266360386e+03 5.597466452749663187e-48
6.791160293112614454e+03 5.582222623902417041e-48
6.812048937442032184e+03 5.566293114859055975e-48
6.833001832274028857e+03 5.549672865543141455e-48
6.854019175234014256e+03 5.532357484001939077e-48
6.875101164555290779e+03 5.514340631787169503e-48
6.896247999080873342e+03 5.495618821014030184e-48
6.917459878265393854e+03 5.476187637781750271e-48
6.938737002176995702e+03 5.456042600116418973e-48
6.960079571499183658e+03 5.435179577805105695e-48
6.981487787532744733e+03 5.413594634498366019e-48
7.002961852197629014e+03 5.391284026199621151e-48
7.024501968034887796e+03 5.368244207009155992e-48
7.046108338208537134e+03 5.344471835977546524e-48
7.067781166507503258e+03 5.319963784300461520e-48
7.089520657347531596e+03 5.294717142691787065e-48
7.111327015773143103e+03 5.268729228899339558e-48
7.133200447459525094e+03 5.241997595346313404e-48
7.155141158714497578e+03 5.214520036904169240e-48
7.177149356480453207e+03 5.186294598803777630e-48
7.199225248336322693e+03 5.157319584735488392e-48
7.221369042499505667e+03 5.127593565377510507e-48
7.243580947827843374e+03 5.097115388896584344e-48
7.265861173821622288e+03 5.065884215612555962e-48
7.288209930625495872e+03 5.033920483637599750e-48
7.310627429030497296e+03 5.001160637374937993e-48
7.333113880476022132e+03 4.967667994788731554e-48
7.355669497051842882e+03 4.933421856142737556e-48
7.378294491500065305e+03 4.898422866455440013e-48
7.400989077217171143e+03 4.862672028067664819e-48
7.423753468256010819e+03 4.826170690004808546e-48
7.446587879327849805e+03 4.788920555181649845e-48
7.469492525804354955e+03 4.750923689267069958e-48
7.492467623719657240e+03 4.712182529915004362e-48
7.515513389772364462e+03 4.672699896157579927e-48
7.538630041327646722e+03 4.632478997901078287e-48
7.561817796419223669e+03 4.591523445517909876e-48
7.585076873751473613e+03 4.549837259521889481e-48
7.608407492701490810e+03 4.507424880327600876e-48
7.631809873321118175e+03 4.464291178108870287e-48
7.655284236339057315e+03 4.420441462815528680e-48
7.678830803162933989e+03 4.375881494707840195e-48
7.702449795881412683e+03 4.330617498752295156e-48
7.726141437266249341e+03 4.284656330017022553e-48
7.749905950774422308e+03 4.238004685667675297e-48
7.773743560550220536e+03 4.190670553790619674e-48
7.797654491427395442e+03 4.142662127336509645e-48
7.821638968931233649e+03 4.093988011206287601e-48
7.845697219280708850e+03 4.044657389941559796e-48
7.869829469390608210e+03 3.994679982325097659e-48
7.894035946873696048e+03 3.944066048869522611e-48
7.918316880042822049e+03 3.892826401687763080e-48
7.942672497913089501e+03 3.840972414695198229e-48
7.967103030204046263e+03 3.788516033880394632e-48
7.991608707341801164e+03 3.735469787584304170e-48
8.016189760461228616e+03 3.681846796770898011e-48
8.040846421408131391e+03 3.627660785272558462e-48
8.065578922741460701e+03 3.572926090008144871e-48
8.090387497735467150e+03 3.517657671174065367e-48
8.115272380381921721e+03 3.461871122437075134e-48
8.140233805392314935e+03 3.405582681333656900e-48
8.165272008200102391e+03 3.348809241764908851e-48
8.190387224962873916e+03 3.291568440520955257e-48
8.215579692564611832e+03 3.233878284828081917e-48
8.240849648617919229e+03 3.175757795837500927e-48
8.266197331466277319e+03 3.117226647421582902e-48
8.291622980186260975e+03 3.058305095190029866e-48
8.317126834589807913e+03 2.999014151261999534e-48
8.342709135226501530e+03 2.939375550569500983e-48
8.368370123385811894e+03 2.879411757949747535e-48
8.394110041099376758e+03 2.819145976728514328e-48
8.419929131143280756e+03 2.758602157350260878e-48
8.445827637040385525e+03 2.697805005859693424e-48
8.471805803062563427e+03 2.636779992193848014e-48
8.497863874233044044e+03 2.575553358257155346e-48
8.524002096328704283e+03 2.514152125767252826e-48
8.550220715882418517e+03 2.452604103859139141e-48
8.576519980185345048e+03 2.390937896448891938e-48
8.602900137289268969e+03 2.329182909410126220e-48
8.629361436008946839e+03 2.267369358028223779e-48
8.655904125924484106e+03 2.205528282248597862e-48
8.682528457383621571e+03 2.143692379978197809e-48
8.709234681504149194e+03 2.081891711718773018e-48
8.736023050176270772e+03 2.020162417259051459e-48
8.762893816064950443e+03 1.958537976239197840e-48
8.789847232612322841e+03 1.897053572119288230e-48
8.816883554040063245e+03 1.835745239258711781e-48
8.844003035351823200e+03 1.774649862657614166e-48
8.871205932335584293e+03 1.713805180887525139e-48
8.898492501566104693e+03 1.653249788903256546e-48
8.925863000407322033e+03 1.593023140430414707e-48
8.953317687014809053e+03 1.533165549864077017e-48
8.980856820338169200e+03 1.473718193649104438e-48
9.008480660123503185e+03 1.414723111117018857e-48
9.036189466915848243e+03 1.356223204765477998e-48
9.063983502061664694e+03 1.298262239975482684e-48
9.091863027711247923e+03 1.240884844237425008e-48
9.119828306821240403e+03 1.184136506604100185e-48
9.147879603157118254e+03 1.128063596500450565e-48
9.176017181295639602e+03 1.072713293097736774e-48
9.204241306627376616e+03 1.018133552210695033e-48
9.232552245359187509e+03 9.643734227724681590e-49
9.260950264516775860e+03 9.114825933918588253e-49
9.289435631947155343e+03 8.595116406018047374e-49
9.318008616321203590e+03 8.085119725913161474e-49
9.346669487136183307e+03 7.585358202762655499e-49
9.375418514718323422e+03 7.096362288251686717e-49
9.404255970225302008e+03 6.618670484726322031e-49
9.433182125648854708e+03 6.152829244655798343e-49
9.462197253817315868e+03 5.699392860869750740e-49
9.491301628398232424e+03 5.258923347170424789e-49
9.520495523900875924e+03 4.831990308902568580e-49
9.549779215678880064e+03 4.419170803088250358e-49
9.579152979932845483e+03 4.021049188225140664e-49
9.608617093712906353e+03 3.638216969960055071e-49
9.638171834921367918e+03 3.271272858436096703e-49
9.667817482315322195e+03 2.920821556516297203e-49
9.697554315509292792e+03 2.587474540825455410e-49
9.727382614977843332e+03 2.271850679696112403e-49
9.757302662058238639e+03 1.974573575858819795e-49
9.787314738953087726e+03 1.696272590163808033e-49
9.817419128733050457e+03 1.437581591879676184e-49
9.847616115339436874e+03 1.199136729662184840e-49
9.877905983586924776e+03 9.815697720480865301e-50
9.908289019166246362e+03 7.854876780643327545e-50
9.938765508646893068e+03 6.115340295894761192e-50
9.969335739479784024e+03 4.608313746360578428e-50
1.000000000000000000e+04 3.336241661150211905e-50
