1.000000000000000000e+00 1.986094068627849698e-33
1.003075857942949956e+00 2.203322518709106755e-33
1.006161176787985001e+00 2.454673396213236954e-33
1.009255985635495900e+00 2.745708814546530296e-33
1.012360313675382706e+00 3.101849256389627314e-33
1.015474190187328318e+00 3.516394891000658297e-33
1.018597644541076708e+00 3.965900097743949420e-33
1.021730706196708249e+00 4.430759841064231144e-33
1.024873404704919277e+00 5.012253810903400710e-33
1.028025769707298753e+00 5.629333310533254764e-33
1.031187830936610261e+00 6.092396005170565117e-33
1.034359618217070009e+00 6.188864793002499100e-33
1.037541161464629491e+00 6.076447399376259353e-33
1.040732490687257927e+00 5.862857521544647669e-33
1.043933635985224262e+00 5.586568483237455441e-33
1.047144627551382046e+00 5.266236630796603706e-33
1.050365495671453209e+00 4.697300733646233665e-33
1.053596270724314721e+00 3.992658556494632672e-33
1.056836983182284362e+00 3.335528595428555003e-33
1.060087663611408715e+00 2.823247159087605440e-33
1.063348342671751157e+00 2.397847074692492736e-33
1.066619051117680739e+00 2.027179503046037907e-33
1.069899819798162621e+00 1.716639066783059391e-33
1.073190679657049618e+00 1.465247471955751450e-33
1.076491661733372407e+00 1.259103613527675228e-33
1.079802797161634409e+00 1.086531992990469461e-33
1.083124117172103107e+00 9.423083829204218717e-34
1.086455653091107809e+00 8.217189643107387753e-34
1.089797436341330750e+00 7.203386942545641151e-34
1.093149498442107515e+00 6.343505087328546150e-34
1.096511871009722361e+00 5.610565286098355615e-34
1.099884585757706645e+00 4.982762532268578696e-34
1.103267674497137696e+00 4.442715685750259899e-34
1.106661169136939460e+00 3.976061878550459688e-34
1.110065101684183597e+00 3.570692638496357367e-34
1.113479504244390350e+00 3.216710983710869390e-34
1.116904409021832301e+00 2.906479756890128096e-34
1.120339848319837905e+00 2.633898216680750727e-34
1.123785854541095697e+00 2.393316515961356792e-34
1.127242460187960704e+00 2.180024652667765695e-34
1.130709697862760210e+00 1.990336834860548198e-34
1.134187600268101503e+00 1.821381137654345374e-34
1.137676200207181632e+00 1.670352518840700229e-34
1.141175530584093822e+00 1.534877965645075447e-34
1.144685624404141011e+00 1.413100829978167302e-34
1.148206514774145148e+00 1.303785677924584974e-34
1.151738234902759839e+00 1.206984995986099573e-34
1.155280818100784312e+00 1.194765304844860986e-34
1.158834297781477618e+00 1.041876279492717632e-34
1.162398707460871483e+00 9.587421494517008365e-35
1.165974080758089615e+00 8.898643246121904092e-35
1.169560451395663003e+00 8.276026500852255113e-35
1.173157853199848333e+00 7.707518767820967798e-35
1.176766320100947283e+00 7.187051843579057267e-35
1.180385886133625606e+00 6.709260308676045549e-35
1.184016585437235536e+00 6.269501704439480618e-35
1.187658452256137087e+00 5.863818578478217697e-35
1.191311520940020685e+00 5.489129657987097744e-35
1.194975825944231573e+00 5.142282504369626880e-35
1.198651401830095553e+00 4.820369271195890810e-35
1.202338283265242502e+00 4.520793756747952519e-35
1.206036505023936778e+00 4.244624699022031369e-35
1.209746101987402067e+00 3.988224410308080469e-35
1.213467109144152678e+00 3.749186524287423032e-35
1.217199561590321943e+00 3.525886035898450633e-35
1.220943494529994844e+00 3.316994501205451328e-35
1.224698943275537966e+00 3.121198087437481374e-35
1.228465943247933900e+00 2.937259013259373971e-35
1.232244529977116754e+00 2.764046413738517147e-35
1.236034739102303437e+00 2.600592768889180528e-35
1.239836606372333172e+00 2.445970399152376968e-35
1.243650167646003668e+00 2.299301119417925312e-35
1.247475458892408406e+00 2.159947830919133924e-35
1.251312516191277702e+00 2.031416354255954338e-35
1.255161375733317097e+00 1.909377431637590116e-35
1.259022073820550425e+00 1.793280907184254677e-35
1.262894646866660642e+00 1.682623960192250974e-35
1.266779131397334446e+00 1.576933781949385695e-35
1.270675564050605999e+00 1.475810967350905134e-35
1.274583981577203096e+00 1.378913898397135843e-35
1.278504420840894218e+00 1.285945731385056339e-35
1.282436918818834259e+00 1.196666535257087223e-35
1.286381512601915134e+00 1.110838388600694567e-35
1.290338239395115494e+00 1.028267102710407750e-35
1.294307136517851120e+00 9.499608128215800043e-36
1.298288241404326415e+00 8.781476237850835845e-36
1.302281591603888344e+00 8.095618309886602554e-36
1.306287224781380374e+00 7.440821602955987997e-36
1.310305178717497965e+00 6.816453226643501786e-36
1.314335491309144732e+00 6.222702490631990838e-36
1.318378200569789049e+00 5.660418373139053409e-36
1.322433344629823537e+00 5.130181299434893225e-36
1.326500961736924777e+00 4.632398780854287508e-36
1.330581090256413912e+00 4.167105622128726309e-36
1.334673768671617911e+00 3.734177057471259728e-36
1.338779035584233501e+00 3.333524912959407894e-36
1.342896929714690213e+00 2.974882631906044763e-36
1.347027489902516084e+00 2.656369431492116015e-36
1.351170755106704480e+00 2.364912013359631460e-36
1.355326764406081130e+00 2.099317524383612529e-36
1.359495556999672061e+00 1.858293913710314503e-36
1.363677172207074628e+00 1.640464995697644895e-36
1.367871649468827222e+00 1.444388798085024989e-36
1.372079028346781859e+00 1.268579997453937863e-36
1.376299348524477217e+00 1.111536709743881833e-36
1.380532649807513002e+00 9.717630143414969083e-37
1.384778972123924756e+00 8.477896168223784642e-37
1.389038355524562451e+00 7.381884401890312883e-37
1.393310840183464627e+00 6.449460160648969918e-37
1.397596466398240755e+00 5.639473610570220070e-37
1.401895274590450713e+00 4.924595577624276725e-37
1.406207305305983812e+00 4.294995867454539549e-37
1.410532599215443161e+00 3.741594254900856639e-37
1.414871197114529577e+00 3.256056544060493407e-37
1.419223139924425503e+00 2.830777990658351826e-37
1.423588468692180253e+00 2.458859674227702929e-37
1.427967224591099038e+00 2.134071431533845172e-37
1.432359448921129541e+00 1.850812160391163586e-37
1.436765183109252719e+00 1.604066731308553008e-37
1.441184468709873157e+00 1.389363506831564429e-37
1.445617347405210307e+00 1.209748666964703563e-37
1.450063861005693067e+00 1.053482511605510546e-37
1.454524051450351907e+00 9.170250966569594754e-38
1.458997960807217220e+00 7.979446655568879271e-38
1.463485631273713672e+00 6.940914411725254055e-38
1.467987105177060103e+00 6.035682782782387951e-38
1.472502424974666768e+00 5.247036344332717399e-38
1.477031633254537901e+00 4.560273876265018076e-38
1.481574772735672285e+00 3.962482319178483683e-38
1.486131886268465596e+00 3.442330909744023933e-38
1.490703016835115413e+00 2.989889940043403724e-38
1.495288207550027115e+00 2.598190697420046536e-38
1.499887501660219113e+00 2.267755584960194080e-38
1.504500942545731856e+00 1.979088575136510252e-38
1.509128573720036837e+00 1.726962526479247039e-38
1.513770438830446041e+00 1.506793858220891649e-38
1.518426581658525620e+00 1.314565389131420034e-38
1.523097046120506226e+00 1.146757956263467405e-38
1.527781876267699124e+00 1.000289998715979842e-38
1.532481116286912304e+00 8.724645498117918614e-39
1.537194810500863928e+00 7.609221089232609602e-39
1.541923003368604439e+00 6.635990366907771801e-39
1.546665739485932889e+00 5.786909865022971110e-39
1.551423063585819051e+00 5.053651951746882135e-39
1.556195020538825080e+00 4.425493007747080890e-39
1.560981655353528508e+00 3.875255270573584598e-39
1.565783013176946792e+00 3.393303240289143374e-39
1.570599139294962754e+00 2.971186950493778483e-39
1.575430079132753569e+00 2.601497443980994782e-39
1.580275878255216204e+00 2.277739238308092871e-39
1.585136582367399516e+00 1.994218417800099432e-39
1.590012237314934795e+00 1.745944435769590994e-39
1.594902889084467645e+00 1.528543818798657931e-39
1.599808583804091633e+00 1.338184139794246653e-39
1.604729367743784829e+00 1.171507381083145150e-39
1.609665287315844351e+00 1.027626764008443336e-39
1.614616389075325564e+00 9.028100895609800941e-40
1.619582719720479957e+00 7.931410627528406971e-40
1.624564326093196343e+00 6.967835996900292573e-40
1.629561255179443169e+00 6.121237676198345410e-40
1.634573554109710392e+00 5.377430110431721505e-40
1.639601270159454671e+00 4.723945333823888889e-40
1.644644450749545239e+00 4.149825455561739269e-40
1.649703143446711540e+00 3.645440164859012152e-40
1.654777395963991538e+00 3.202326366936669048e-40
1.659867256161181137e+00 2.813046854275906047e-40
1.664972772045287153e+00 2.471066146931771074e-40
1.670093991770977837e+00 2.175742067952677245e-40
1.675230963641039406e+00 1.916973325664079767e-40
1.680383736106830339e+00 1.688968203914874240e-40
1.685552357768738352e+00 1.488071710138397025e-40
1.690736877376639136e+00 1.311062718442438599e-40
1.695937343830356436e+00 1.155102564284819548e-40
1.701153806180122352e+00 1.017689652648026095e-40
1.706386313627040741e+00 8.966194810320040311e-41
1.711634915523551514e+00 7.899493759488786256e-41
1.716899661373894714e+00 6.959674462121382292e-41
1.722180600834579911e+00 6.131651797210283864e-41
1.727477783714851167e+00 5.402132991479973438e-41
1.732791259977159548e+00 4.771652583182960971e-41
1.738121079737634744e+00 4.214793043098422843e-41
1.743467293266554252e+00 3.722920670384674559e-41
1.748829950988821658e+00 3.288454274114267990e-41
1.754209103484439147e+00 2.904696549865616368e-41
1.759604801488986681e+00 2.565731135766914366e-41
1.765017095894099164e+00 2.266331592781069298e-41
1.770446037747947621e+00 2.001880995124470948e-41
1.775891678255718364e+00 1.768300886964007389e-41
1.781354068780099942e+00 1.561988533008826928e-41
1.786833260841763416e+00 1.379761457684750172e-41
1.792329306119850640e+00 1.219389022345094001e-41
1.797842256452461207e+00 1.079563878349557674e-41
1.803372163837141162e+00 9.557863888420021902e-42
1.808919080431374393e+00 8.462149729746344708e-42
1.814483058553072903e+00 7.492192937221398262e-42
1.820064150681071524e+00 6.633560380426866828e-42
1.825662409455621971e+00 5.873474793957017216e-42
1.831277887678891547e+00 5.200624860525133803e-42
1.836910638315456756e+00 4.604997114906996835e-42
1.842560714492808893e+00 4.077727104535324752e-42
1.848228169501848317e+00 3.610967620899393991e-42
1.853913056797394487e+00 3.197772023918107020e-42
1.859615429998683567e+00 2.834359022172597604e-42
1.865335342889876902e+00 2.515149009800579926e-42
1.871072849420569506e+00 2.232009737713513221e-42
1.876828003706298098e+00 1.980862466860009971e-42
1.882600860029048695e+00 1.758089584884467796e-42
1.888391472837773311e+00 1.560482493499608293e-42
1.894199896748899992e+00 1.385195390252929936e-42
1.900026186546849960e+00 1.229704268666776517e-42
1.905870397184552756e+00 1.091770538686196606e-42
1.911732583783966488e+00 9.694087632344683161e-43
1.917612801636594311e+00 8.608580423312423428e-43
1.923511106204010446e+00 7.645566337689721476e-43
1.929427553118380434e+00 6.798618965662541524e-43
1.935362198182985605e+00 6.049936675165573984e-43
1.941315097372751985e+00 5.384520020810102369e-43
1.947286306834774328e+00 4.793082876674763987e-43
1.953275882888849679e+00 4.267375278275526160e-43
1.959283882028005630e+00 3.800067833906578681e-43
1.965310360919035659e+00 3.384649023222112686e-43
1.971355376403029602e+00 3.015333940546274796e-43
1.977418985495916104e+00 2.686983227725822063e-43
1.983501245388993306e+00 2.395031043469760661e-43
1.989602213449473966e+00 2.135421066158058095e-43
1.995721947221023695e+00 1.904549633118866807e-43
2.001860504424302523e+00 1.701654041356328179e-43
2.008017942957513124e+00 1.521887418926423002e-43
2.014194320896945722e+00 1.361672850518920425e-43
2.020389696497520760e+00 1.218866226387841136e-43
2.026604128193346899e+00 1.091559046067243861e-43
2.032837674598264588e+00 9.780525238913701313e-44
2.039090394506406057e+00 8.768345392271598376e-44
2.045362346892741101e+00 7.865591188654945536e-44
2.051653590913641523e+00 7.060281740864533099e-44
2.057964185907435795e+00 6.341752443975537234e-44
2.064294191394965061e+00 5.700510276714765534e-44
2.070643667080152905e+00 5.128604661421207391e-44
2.077012672850560016e+00 4.622862198957835891e-44
2.083401268777954840e+00 4.170558066170170041e-44
2.089809515118877137e+00 3.765926163079282069e-44
2.096237472315208183e+00 3.403826359692609327e-44
2.102685200994737436e+00 3.079676443367540404e-44
2.109152761971740730e+00 2.789391464066453788e-44
2.115640216247546501e+00 2.529329673984794034e-44
2.122147625011115757e+00 2.296244344039440418e-44
2.128675049639618067e+00 2.087240820370927583e-44
2.135222551699011095e+00 1.899738250203185224e-44
2.141790192944620586e+00 1.731435469759062752e-44
2.148378035321720780e+00 1.580689036410393001e-44
2.154986140966124619e+00 1.446023146394717174e-44
2.161614572204762386e+00 1.324784292029592742e-44
2.168263391556274566e+00 1.215559918554473530e-44
2.174932661731599826e+00 1.117088623698817420e-44
2.181622445634568308e+00 1.028243902329444649e-44
2.188332806362491390e+00 9.480196411543644628e-45
2.195063807206758977e+00 8.755171750960291320e-45
2.201815511653437696e+00 8.099337374494745848e-45
2.208587983383867748e+00 7.505521534631102996e-45
2.215381286275262429e+00 6.967316434203476234e-45
2.222195484401314314e+00 6.478996159560851743e-45
2.229030642032796994e+00 6.037055191138889616e-45
2.235886823638172594e+00 5.636304814085510482e-45
2.242764093884196619e+00 5.271077533521840732e-45
2.249662517636533465e+00 4.937812373113615582e-45
2.256582159960362599e+00 4.633321167595839105e-45
2.263523086120995842e+00 4.354748978184440422e-45
2.270485361584491546e+00 4.099538727823560281e-45
2.277469052018272322e+00 3.865399606786950332e-45
2.284474223291744988e+00 3.650278846181657316e-45
2.291500941476921405e+00 3.452336500178088023e-45
2.298549272849040648e+00 3.269922915243067556e-45
2.305619283887194726e+00 3.101558600096058516e-45
2.312711041274957413e+00 2.946449047519192563e-45
2.319824611901011746e+00 2.802928617349862647e-45
2.326960062859776635e+00 2.669736791432524036e-45
2.334117461452052122e+00 2.545934641203219709e-45
2.341296875185636672e+00 2.430677587842951798e-45
2.348498371775980420e+00 2.323205573182010213e-45
2.355722019146812674e+00 2.222834266600891765e-45
2.362967885430787174e+00 2.128947198588482344e-45
2.370236038970124692e+00 2.040988722845901001e-45
2.377526548317257404e+00 1.958457719350970196e-45
2.384839482235472818e+00 1.880901959954769534e-45
2.392174909699567475e+00 1.807913066509086020e-45
2.399532899896492211e+00 1.739285137375713325e-45
2.406913522226008517e+00 1.674494091902257754e-45
2.414316846301340913e+00 1.613234329420324868e-45
2.421742941949834194e+00 1.555237242456253141e-45
2.429191879213613792e+00 1.500259063152528108e-45
2.436663728350242142e+00 1.448078365195994006e-45
2.444158559833386146e+00 1.398493824726393247e-45
2.451676444353478423e+00 1.351322213109975656e-45
2.459217452818386107e+00 1.306396597311316431e-45
2.466781656354078756e+00 1.263564726140880870e-45
2.474369126305298483e+00 1.222687582927394154e-45
2.481979934236234531e+00 1.183645825981382386e-45
2.489614151931197394e+00 1.146347951910891176e-45
2.497271851395295172e+00 1.110646238065364501e-45
2.504953104855114354e+00 1.076444254497612514e-45
2.512657984759400165e+00 1.043653324324496445e-45
2.520386563779738243e+00 1.012191792539993794e-45
2.528138914811244753e+00 9.819843685594609943e-46
2.535915110973248066e+00 9.529615348680183649e-46
2.543715225609981090e+00 9.250590149666658280e-46
2.551539332291275830e+00 8.982172944893920910e-46
2.559387504813252612e+00 8.723811900249232666e-46
2.567259817199019967e+00 8.474994607320440234e-46
2.575156343699367412e+00 8.235287598674898318e-46
2.583077158793472883e+00 8.004256458377679317e-46
2.591022337189600400e+00 7.781414603913221428e-46
2.598991953825805723e+00 7.566378852426132464e-46
2.606986083870643789e+00 7.358790602307446394e-46
2.615004802723876587e+00 7.158313797899927831e-46
2.623048186017186811e+00 6.964633087678983663e-46
2.631116309614887960e+00 6.777452156590471853e-46
2.639209249614641539e+00 6.596492214951617739e-46
2.647327082348176042e+00 6.421490628225209984e-46
2.655469884382003265e+00 6.252199673626424414e-46
2.663637732518143508e+00 6.088385410894150431e-46
2.671830703794850770e+00 5.929843190128535863e-46
2.680048875487335280e+00 5.776353424037938911e-46
2.688292325108496694e+00 5.627706469985370669e-46
2.696561130409652840e+00 5.483714918183453414e-46
2.704855369381273356e+00 5.344200739351515240e-46
2.713175120253715544e+00 5.208994653254210832e-46
2.721520461497962007e+00 5.077935550763350757e-46
2.729891471826360938e+00 4.950869964407938819e-46
2.738288230193368644e+00 4.827651582659759150e-46
2.746710815796296057e+00 4.708140803943761796e-46
2.755159308076048585e+00 4.592204326527339337e-46
2.763633786717886842e+00 4.479731408066485716e-46
2.772134331652167827e+00 4.370609134721933303e-46
2.780661023055104319e+00 4.264694679869768395e-46
2.789213941349519388e+00 4.161875307210390196e-46
2.797793167205605780e+00 4.062044304344259477e-46
2.806398781541685761e+00 3.965099359570885593e-46
2.815030865524975834e+00 3.870942329279858552e-46
2.823689500572349687e+00 3.779479021658250650e-46
2.832374768351109129e+00 3.690618995348243693e-46
2.841086750779752812e+00 3.604284958203759003e-46
2.849825530028748499e+00 3.520396062469674409e-46
2.858591188521308890e+00 3.438859425514213835e-46
2.867383808934168332e+00 3.359597926688820544e-46
2.876203474198364418e+00 3.282538877724742636e-46
2.885050267500017362e+00 3.207608800194317658e-46
2.893924272281117371e+00 3.134738938968029046e-46
2.902825572240308460e+00 3.063863076939481406e-46
2.911754251333682042e+00 2.994917423698971347e-46
2.920710393775564739e+00 2.927840510465582489e-46
2.929694084039315527e+00 2.862573090843934495e-46
2.938705406858120650e+00 2.799058047091233600e-46
2.947744447225795206e+00 2.737240301293194727e-46
2.956811290397580727e+00 2.677066731180452094e-46
2.965906021890954314e+00 2.618486090306196999e-46
2.975028727486430213e+00 2.561449057581618624e-46
2.984179493228373392e+00 2.505908093748017143e-46
2.993358405425808666e+00 2.451816747606723259e-46
3.002565550653232940e+00 2.401026272093464214e-46
3.011801015751436772e+00 2.356240515752034803e-46
3.021064887828320611e+00 2.312364429729845016e-46
3.030357254259714583e+00 2.269377480300643860e-46
3.039678202690205389e+00 2.227259661976190139e-46
3.049027821033961416e+00 2.185991480688781981e-46
3.058406197475564081e+00 2.145553937732279347e-46
3.067813420470836494e+00 2.105928514337673023e-46
3.077249578747680125e+00 2.067097156916416211e-46
3.086714761306909693e+00 2.029042330771550980e-46
3.096209057423096489e+00 1.991746859612856164e-46
3.105732556645404596e+00 1.955193923834440416e-46
3.115285348798440435e+00 1.919367199343164322e-46
3.124867523983097417e+00 1.884250762118696843e-46
3.134479172577407269e+00 1.849829076890478428e-46
3.144120385237390014e+00 1.816086986074074960e-46
3.153791252897912845e+00 1.783009699145247710e-46
3.163491866773544992e+00 1.750582782523429398e-46
3.173222318359417482e+00 1.718792149873729153e-46
3.182982699432089113e+00 1.687624052517175154e-46
3.192773102050409761e+00 1.657065070200453858e-46
3.202593618556388133e+00 1.627102129888138283e-46
3.212444341576065732e+00 1.597722420876955022e-46
3.222325364020386829e+00 1.568913443931933056e-46
3.232236779086077760e+00 1.540663008155301008e-46
3.242178680256524448e+00 1.512959209534806412e-46
3.252151161302653026e+00 1.485790423731199973e-46
3.262154316283819799e+00 1.459145298633408837e-46
3.272188239548689648e+00 1.433012747218778202e-46
3.282253025736132646e+00 1.407381940666436220e-46
3.292348769776114459e+00 1.382242302141281558e-46
3.302475566890592074e+00 1.357583500124864459e-46
3.312633512594409524e+00 1.333395442053369535e-46
3.322822702696205610e+00 1.309668279643609055e-46
3.333043233299307850e+00 1.286392368134438487e-46
3.343295200802646860e+00 1.263558295619678190e-46
3.353578701901661407e+00 1.241156867200056277e-46
3.363893833589213678e+00 1.219179098047966905e-46
3.374240693156499216e+00 1.197616208957255533e-46
3.384619378193968853e+00 1.176459620849526254e-46
3.395029986592249749e+00 1.155700949616117795e-46
3.405472616543062436e+00 1.135332000858895817e-46
3.415947366540153407e+00 1.115344766509881845e-46
3.426454335380224592e+00 1.095731419644309941e-46
3.436993622163859285e+00 1.076484310309611239e-46
3.447565326296460064e+00 1.057595962274466814e-46
3.458169547489188034e+00 1.039059061011010030e-46
3.468806385759899857e+00 1.020866460449046380e-46
3.479475941434094999e+00 1.003011174419881008e-46
3.490178315145858079e+00 9.854863724556305454e-47
3.500913607838810560e+00 9.682853762717572630e-47
3.511681920767063758e+00 9.514016562365053356e-47
3.522483355496167867e+00 9.348288278053911777e-47
3.533318013904080068e+00 9.185606487011456691e-47
3.544185998182114439e+00 9.025910140669428196e-47
3.555087410835914508e+00 8.869139535433330066e-47
3.566022354686415596e+00 8.715236289383583059e-47
3.576990932870813822e+00 8.564143309018212475e-47
3.587993248843543981e+00 8.415804737073676952e-47
3.599029406377249440e+00 8.270165948624628651e-47
3.610099509563765796e+00 8.127173513673039534e-47
3.621203662815096980e+00 7.986775172698782357e-47
3.632341970864406466e+00 7.848919801747924746e-47
3.643514538767000044e+00 7.713557385853947022e-47
3.654721471901320129e+00 7.580638995894635223e-47
3.665962875969936974e+00 7.450116770475961847e-47
3.677238857000547867e+00 7.321943876215127970e-47
3.688549521346976778e+00 7.196074482782994199e-47
3.699894975690175780e+00 7.072463751179136182e-47
3.711275327039233574e+00 6.951067812626329797e-47
3.722690682732380907e+00 6.831843742973497284e-47
3.734141150438008872e+00 6.714749530349689259e-47
3.745626838155679206e+00 6.599744060321300667e-47
3.757147854217145699e+00 6.486787081140378024e-47
3.768704307287376931e+00 6.375839198321948084e-47
3.780296306365575898e+00 6.266861875926726163e-47
3.791923960786215186e+00 6.159817394807272985e-47
3.803587380220060599e+00 6.054668820341295835e-47
3.815286674675215206e+00 5.951379983663138522e-47
3.827021954498145639e+00 5.849915500147279261e-47
3.838793330374732804e+00 5.750240732749510297e-47
3.850600913331308828e+00 5.652321760364767254e-47
3.862444814735708665e+00 5.556125357173999345e-47
3.874325146298319922e+00 5.461619010251368495e-47
3.886242020073131798e+00 5.368770887778989209e-47
3.898195548458799120e+00 5.277549817198982762e-47
3.910185844199697502e+00 5.187925257388329105e-47
3.922213020386988713e+00 5.099867313458371787e-47
3.934277190459687823e+00 5.013346711913752509e-47
3.946378468205729462e+00 4.928334782727933515e-47
3.958516967763047401e+00 4.844803434018541623e-47
3.970692803620642586e+00 4.762725159513966573e-47
3.982906090619672934e+00 4.682073020602261544e-47
3.995156943954528916e+00 4.602820627909735411e-47
4.007445479173923353e+00 4.528060127600189519e-47
4.019771812181978099e+00 4.456492382528398018e-47
4.032136059239324943e+00 4.386022297556856135e-47
4.044538336964190961e+00 4.316633362588151667e-47
4.056978762333507404e+00 4.248309314088191723e-47
4.069457452684009269e+00 4.181034136640679855e-47
4.081974525713344626e+00 4.114792058314570762e-47
4.094530099481180407e+00 4.049567546340709183e-47
4.107124292410313515e+00 3.985345302142895621e-47
4.119757223287807690e+00 3.922110258782766827e-47
4.132429011266081531e+00 3.859847577598965006e-47
4.145139775864062237e+00 3.798542643692164234e-47
4.157889636968290503e+00 3.738181064494884930e-47
4.170678714834068934e+00 3.678748664112077632e-47
4.183507130086582926e+00 3.620231480254817292e-47
4.196375003722047303e+00 3.562615761347082487e-47
4.209282457108841413e+00 3.505887965734934639e-47
4.222229611988660203e+00 3.450034754853926783e-47
4.235216590477653753e+00 3.395042990151304745e-47
4.248243515067587239e+00 3.340899730884883852e-47
4.261310508626993787e+00 3.287592234516619640e-47
4.274417694402329992e+00 3.235107949543109396e-47
4.287565196019142988e+00 3.183434511389586872e-47
4.300753137483232180e+00 3.132606296570962781e-47
4.313981643181826087e+00 3.082739399337630323e-47
4.327250837884747625e+00 3.033643788291294343e-47
4.340560846745591839e+00 2.985307867015878872e-47
4.353911795302911614e+00 2.937720212951532846e-47
4.367303809481398069e+00 2.890869579353447651e-47
4.380737015593065387e+00 2.844744888726771939e-47
4.394211540338452515e+00 2.799335226223792105e-47
4.407727510807804450e+00 2.754629840195160670e-47
4.421285054482281929e+00 2.710618835007344226e-47
4.434884299235156924e+00 2.667293943428101408e-47
4.448525373333023225e+00 2.624641989487540468e-47
4.462208405437003478e+00 2.582652852259735127e-47
4.475933524603965097e+00 2.541316566280414478e-47
4.489700860287733519e+00 2.500623318324569478e-47
4.503510542340317002e+00 2.460563435713087823e-47
4.517362701013133197e+00 2.421127389503493702e-47
4.531257466958230395e+00 2.382305796661179702e-47
4.545194971229524761e+00 2.344089419084588482e-47
4.559175345284036673e+00 2.306469148944017767e-47
4.573198720983129739e+00 2.269436013169953099e-47
4.587265230593753351e+00 2.232981175560840063e-47
4.601375006789694133e+00 2.197095938269298825e-47
4.615528182652819389e+00 2.161771723888255060e-47
4.629724891674340981e+00 2.127000081250573360e-47
4.643965267756070325e+00 2.092772687469881232e-47
4.658249445211680495e+00 2.059081351874086988e-47
4.672577558767977202e+00 2.025917995320450820e-47
4.686949743566163562e+00 1.993274656513625527e-47
4.701366135163118187e+00 1.961143494263397570e-47
4.715826869532673271e+00 1.929516794203153548e-47
4.730332083066902449e+00 1.898386944904151392e-47
4.744881912577393557e+00 1.867746444821448985e-47
4.759476495296555143e+00 1.837587904734307984e-47
4.774115968878896332e+00 1.807904057320501661e-47
4.788800471402336001e+00 1.778687730252364870e-47
4.803530141369500406e+00 1.749931853410768595e-47
4.818305117709032359e+00 1.721629461501997539e-47
4.833125539776892410e+00 1.693773706643190324e-47
4.847991547357689335e+00 1.666357828945726947e-47
4.862903280665983985e+00 1.639375163044211000e-47
4.877860880347618000e+00 1.612819141422427764e-47
4.892864487481039859e+00 1.586683309731729740e-47
4.907914243578635372e+00 1.560961295461077110e-47
4.923010290588064386e+00 1.535646813199105935e-47
4.938152770893592169e+00 1.510733668836703694e-47
4.953341827317444768e+00 1.486215777220827783e-47
4.968577603121145714e+00 1.462087130182806525e-47
4.983860242006868724e+00 1.438341799253540398e-47
4.999189888118796610e+00 1.414973941213318330e-47
5.014566686044481969e+00 1.391311033945421817e-47
5.029990780816204321e+00 1.368005247408075849e-47
5.045462317912342343e+00 1.345088020589874793e-47
5.060981443258746104e+00 1.322552977751388137e-47
5.076548303230116410e+00 1.300393867797737878e-47
5.092163044651376147e+00 1.278604534425277862e-47
5.107825814799062947e+00 1.257178910029489598e-47
5.123536761402716522e+00 1.236111024468259841e-47
5.139296032646273105e+00 1.215395025334455743e-47
5.155103777169459001e+00 1.195025152419710194e-47
5.170960144069195685e+00 1.174995725662449122e-47
5.186865282901007568e+00 1.155301156651862063e-47
5.202819343680429753e+00 1.135935967692725693e-47
5.218822476884422912e+00 1.116894772871305424e-47
5.234874833452793474e+00 1.098172258869629636e-47
5.250976564789616496e+00 1.079763199470802642e-47
5.267127822764669176e+00 1.061662472510691320e-47
5.283328759714852829e+00 1.043865048765543977e-47
5.299579528445637067e+00 1.026365965678839047e-47
5.315880282232500420e+00 1.009160344544963299e-47
5.332231174822376296e+00 9.922434048377550759e-48
5.348632360435098043e+00 9.756104608390768651e-48
5.365083993764863557e+00 9.592568898056309005e-48
5.381586229981676794e+00 9.431781507247289131e-48
5.398139224732836361e+00 9.273697960381615754e-48
5.414743134144378800e+00 9.118274745664258320e-48
5.431398114822569845e+00 8.965468969668637141e-48
5.448104323855369913e+00 8.815238543625990163e-48
5.464861918813920028e+00 8.667542273155569907e-48
5.481671057754028631e+00 8.522339933257722920e-48
5.498531899217659280e+00 8.379591926574816798e-48
5.515444602234431670e+00 8.239259447637874930e-48
5.532409326323114662e+00 8.101304548614357942e-48
5.549426231493135298e+00 7.965690231813428012e-48
5.566495478246087814e+00 7.832380144559777219e-48
5.583617227577246211e+00 7.701338704737943473e-48
5.600791640977080377e+00 7.572531139191456669e-48
5.618018880432788187e+00 7.445923568198398104e-48
5.635299108429809856e+00 7.321482763875019459e-48
5.652632487953371587e+00 7.199176221957617525e-48
5.670019182490018572e+00 7.078972174378800803e-48
5.687459356029159530e+00 6.960839637650700380e-48
5.704953173064605032e+00 6.844748256051009832e-48
5.722500798596132476e+00 6.730668313791859447e-48
5.740102398131032402e+00 6.618570721101735055e-48
5.757758137685669020e+00 6.508427010357410951e-48
5.775468183787054066e+00 6.400209272444942923e-48
5.793232703474409995e+00 6.293890116384021941e-48
5.811051864300749159e+00 6.189442631324846358e-48
5.828925834334452105e+00 6.086840327215623815e-48
5.846854782160855635e+00 5.986057161746992519e-48
5.864838876883839980e+00 5.887067467773753700e-48
5.882878288127423971e+00 5.789845896024837636e-48
5.900973186037368201e+00 5.694367312690990507e-48
5.919123741282776408e+00 5.600606904352257727e-48
5.937330125057702190e+00 5.508540099196468914e-48
5.955592509082776154e+00 5.418142501041604160e-48
5.973911065606811732e+00 5.329389763276318175e-48
5.992285967408433223e+00 5.242257749710039324e-48
6.010717387797713585e+00 5.156536373629228035e-48
6.029205500617799807e+00 5.072265639726587296e-48
6.047750480246551597e+00 4.989558469106245491e-48
6.066352501598196945e+00 4.908390540914254242e-48
6.085011740124971702e+00 4.828737684322273973e-48
6.103728371818778697e+00 4.750575805542789723e-48
6.122502573212845967e+00 4.673880778376545240e-48
6.141334521383393863e+00 4.598628624461143744e-48
6.160224393951303057e+00 4.524795552229045774e-48
6.179172369083792304e+00 4.452357879428109507e-48
6.198178625496095329e+00 4.381291947140967142e-48
6.217243342453147470e+00 4.311574268958402704e-48
6.236366699771284772e+00 4.243181614972355514e-48
6.255548877819924414e+00 4.176090927753744508e-48
6.274790057523278008e+00 4.110279258117092208e-48
6.294090420362054239e+00 4.045723868201514223e-48
6.313450148375169491e+00 3.982402350303503476e-48
6.332869424161467364e+00 3.920292533164683513e-48
6.352348430881439079e+00 3.859372434331270743e-48
6.371887352258950976e+00 3.799620319500680055e-48
6.391486372582977360e+00 3.741014834597462881e-48
6.411145676709343988e+00 3.683534910058302154e-48
6.430865450062459132e+00 3.627159722764614247e-48
6.450645878637075725e+00 3.571868718927819527e-48
6.470487149000038407e+00 3.517641745926766350e-48
6.490389448292045671e+00 3.464458958633233885e-48
6.510352964229411121e+00 3.412300788868301122e-48
6.530377885105843383e+00 3.361032882341157765e-48
6.550464399794210024e+00 3.310751345621950571e-48
6.570612697748328124e+00 3.261439573874202223e-48
6.590822969004745069e+00 3.213079235215462570e-48
6.611095404184534452e+00 3.165652260344133077e-48
6.631430194495095520e+00 3.119140951000882631e-48
6.651827531731950849e+00 3.073527905729876545e-48
6.672287608280560889e+00 3.028795996375891182e-48
6.692810617118136740e+00 2.984928339841866498e-48
6.713396751815459140e+00 2.941651194923752412e-48
6.734046206538704560e+00 2.899201558661799526e-48
6.754759176051278402e+00 2.857571952414824350e-48
6.775535855715649092e+00 2.816746528894191932e-48
6.796376441495193710e+00 2.776709741776340795e-48
6.817281129956042740e+00 2.737446299271098104e-48
6.838250118268939914e+00 2.698941145833164227e-48
6.859283604211095842e+00 2.661179433076323341e-48
6.880381786168054958e+00 2.624146581446637563e-48
6.901544863135566921e+00 2.587828245741346757e-48
6.922773034721467766e+00 2.552210299431647293e-48
6.944066501147553971e+00 2.517278809651656490e-48
6.965425463251481375e+00 2.483020086313028026e-48
6.986850122488649895e+00 2.449420658597160169e-48
7.008340680934106004e+00 2.416429856120558972e-48
7.029897341284456758e+00 2.384016179666722794e-48
7.051520306859768716e+00 2.352227135421709094e-48
7.073209781605496183e+00 2.321049916812183427e-48
7.094965970094397889e+00 2.290471923610178175e-48
7.116789077528472340e+00 2.260480746182461910e-48
7.138679309740886936e+00 2.231064195756753957e-48
7.160636873197923968e+00 2.202210297839147671e-48
7.182661975000928400e+00 2.173907284794847788e-48
7.204754822888260080e+00 2.146143584497502071e-48
7.226915625237246843e+00 2.118907843202273792e-48
7.249144591066161603e+00 2.092188925653908278e-48
7.271441930036185219e+00 2.065975908771237791e-48
7.293807852453385365e+00 2.040258074936326219e-48
7.316242569270706042e+00 2.015024928375063940e-48
7.338746292089943779e+00 1.990266200043840092e-48
7.361319233163762910e+00 1.965971842096209987e-48
7.383961605397677985e+00 1.942132024218274139e-48
7.406673622352078823e+00 1.918737144859986271e-48
7.429455498244227130e+00 1.895777838328362164e-48
7.452307447950293984e+00 1.873244969942541093e-48
7.475229687007377777e+00 1.851129633688421914e-48
7.498222431615532813e+00 1.829423159091498479e-48
7.521285898639822776e+00 1.808117118385902991e-48
7.544420305612350219e+00 1.787203321604561497e-48
7.567625870734319804e+00 1.766673814459037500e-48
7.590902812878090877e+00 1.746520880734239705e-48
7.614251351589243377e+00 1.726737048389072998e-48
7.637671707088646400e+00 1.707315083560012334e-48
7.661164100274537425e+00 1.688247987382583740e-48
7.684728752724609535e+00 1.669528994686712192e-48
7.708365886698094194e+00 1.651151577349541571e-48
7.732075725137857347e+00 1.633109436948796843e-48
7.755858491672513289e+00 1.615396499828698976e-48
7.779714410618518095e+00 1.598006912355034289e-48
7.803643706982302142e+00 1.580935041162694035e-48
7.827646606462374201e+00 1.564175464205130968e-48
7.851723335451465502e+00 1.547722963966688688e-48
7.875874121038657805e+00 1.531572520002889395e-48
7.900099191011528355e+00 1.515719305979790915e-48
7.924398773858294831e+00 1.500158679826905802e-48
7.948773098769968293e+00 1.484886175204899532e-48
7.973222395642524774e+00 1.469897492388211322e-48
7.997746895079068885e+00 1.455188493110080256e-48
8.022346828392000972e+00 1.441350462473136452e-48
8.047022427605210027e+00 1.427824222243705541e-48
8.071773925456254162e+00 1.414545520139446464e-48
8.096601555398562411e+00 1.401511312926795558e-48
8.121505551603638295e+00 1.388718660168732474e-48
8.146486148963250074e+00 1.376164715442057009e-48
8.171543583091668950e+00 1.363846718114827253e-48
8.196678090327884192e+00 1.351761987207332986e-48
8.221889907737820025e+00 1.339907913507984884e-48
8.247179273116595155e+00 1.328281952691480490e-48
8.272546424990741443e+00 1.316881618521789768e-48
8.297991602620470530e+00 1.305704478247760381e-48
8.323515046001920936e+00 1.294748147122822172e-48
8.349116995869430013e+00 1.284010284008131670e-48
8.374797693697793477e+00 1.273488587081629863e-48
8.400557381704553350e+00 1.263180791998558225e-48
8.426396302852275255e+00 1.253084669264080247e-48
8.452314700850847018e+00 1.243198023145581774e-48
8.478312820159770169e+00 1.233518691080901603e-48
8.504390905990472760e+00 1.224044544734183769e-48
8.530549204308615074e+00 1.214773491424846090e-48
8.556787961836413103e+00 1.205703476946406602e-48
8.583107426054965572e+00 1.196832489309625882e-48
8.609507845206586296e+00 1.188158563829274640e-48
8.635989468297154303e+00 1.179679789150903715e-48
8.662552545098447965e+00 1.171394315178857975e-48
8.689197326150509326e+00 1.163300361815263964e-48
8.715924062764008440e+00 1.155396229273526254e-48
8.742733007022609470e+00 1.147680310463535471e-48
8.769624411785349238e+00 1.140151104268906668e-48
8.796598530689026418e+00 1.132807231416609029e-48
8.823655618150587188e+00 1.125647451622065904e-48
8.850795929369530413e+00 1.118670682570973103e-48
8.878019720330311060e+00 1.111876021235034753e-48
8.905327247804754265e+00 1.105262766667667406e-48
8.932718769354483612e+00 1.098830444490925844e-48
8.960194543333336981e+00 1.092578832409166538e-48
8.987754828889825021e+00 1.086507986532169974e-48
9.015399885969552329e+00 1.080253097861188225e-48
9.043129975317679481e+00 1.073908066231481570e-48
9.070945358481390386e+00 1.067769358622705279e-48
9.098846297812338335e+00 1.061837503169197470e-48
9.126833056469143557e+00 1.056113395323862355e-48
9.154905898419864130e+00 1.050598275302549792e-48
9.183065088444477553e+00 1.045293677220804625e-48
9.211310892137396067e+00 1.040201338042790388e-48
9.239643575909955331e+00 1.035323051298067284e-48
9.268063406992943953e+00 1.030660445590448546e-48
9.296570653439106380e+00 1.026214665182166310e-48
9.325165584125683083e+00 1.021985927186600885e-48
9.353848468756940093e+00 1.017972929882973848e-48
9.382619577866712746e+00 1.014172091416469287e-48
9.411479182820974287e+00 1.010576614831952839e-48
9.440427555820358307e+00 1.007175402272708155e-48
9.469464969902771756e+00 1.003951889065294662e-48
9.498591698945933359e+00 1.000882933979961080e-48
9.527808017669974205e+00 9.979379834870685442e-49
9.557114201640025897e+00 9.950788041475187939e-49
9.586510527268819359e+00 9.922601185084462240e-49
9.615997271819292536e+00 9.894314376979626583e-49
9.645574713407199852e+00 9.865402183701532715e-49
9.675243131003753660e+00 9.835361736308169266e-49
9.705002804438221276e+00 9.803761928390604532e-49
9.734854014400605493e+00 9.770290035871700297e-49
9.764797042444254060e+00 9.734785969769069395e-49
9.794832170988550857e+00 9.697256367779762802e-49
9.824959683321544901e+00 9.657865513631590473e-49
9.855179863602653967e+00 9.616905900736885178e-49
9.885492996865311355e+00 9.575479753335520873e-49
9.915899369019697929e+00 9.533491435797846866e-49
9.946399266855388888e+00 9.491122674871026838e-49
9.976992978044096461e+00 9.448756918582529144e-49
1.000768079114236819e+01 9.406956018253317355e-49
1.003846299559431188e+01 9.366417785260806795e-49
1.006933988173431871e+01 9.326634117036428097e-49
1.010031174078980776e+01 9.287753193868619323e-49
1.013137886488399175e+01 9.249872283750047453e-49
1.016254154703857537e+01 9.213678478099283564e-49
1.019380008117659564e+01 9.178763101337461585e-49
1.022515476212512375e+01 9.144902018596875400e-49
1.025660588561810016e+01 9.112074601688730894e-49
1.028815374829908258e+01 9.080247379149684225e-49
1.031979864772407929e+01 9.049378373648062154e-49
1.035154088236432379e+01 9.019420414712909644e-49
1.038338075160911522e+01 8.990323600008502583e-49
1.041531855576862320e+01 8.962037078566400798e-49
1.044735459607674244e+01 8.934510304286096733e-49
1.047948917469389585e+01 8.907693888661345653e-49
1.051172259470993886e+01 8.881540153922480531e-49
1.054405516014695721e+01 8.856003466823246651e-49
1.057648717596219612e+01 8.831040416036739946e-49
1.060901894805089007e+01 8.806609877681541235e-49
1.064165078324915648e+01 8.782673006536260455e-49
1.067438298933691421e+01 8.759193176062630453e-49
1.070721587504075245e+01 8.736135887210454178e-49
1.074014975003687944e+01 8.713468658112550106e-49
1.077318492495399838e+01 8.691160905157392465e-49
1.080632171137628816e+01 8.669183820801020593e-49
1.083956042184629531e+01 8.647510253162001700e-49
1.087290136986791822e+01 8.626114589556843065e-49
1.090634486990933461e+01 8.604972646538072330e-49
1.093989123740599823e+01 8.584061566592436097e-49
1.097354078876357875e+01 8.563359723658007539e-49
1.100729384136098332e+01 8.542846630099811717e-49
1.104115071355331601e+01 8.522502859739920238e-49
1.107511172467490823e+01 8.502309972529285535e-49
1.110917719504230483e+01 8.482250446377060629e-49
1.114334744595731053e+01 8.462307615774471637e-49
1.117762279971001149e+01 8.442465615494934198e-49
1.121200357958179517e+01 8.422709329975363521e-49
1.124649010984843578e+01 8.403024346573207520e-49
1.128108271578311594e+01 8.383396913895185741e-49
1.131578172365953527e+01 8.363813903614418820e-49
1.135058746075494085e+01 8.344262772809481426e-49
1.138550025535325183e+01 8.324731532213707769e-49
1.142052043674813611e+01 8.305208731396098634e-49
1.145564833524613135e+01 8.285683415797933839e-49
1.149088428216973590e+01 8.266145108654858162e-49
1.152622860986057063e+01 8.246583788931515527e-49
1.156168165168246276e+01 8.226989871632196060e-49
1.159724374202465214e+01 8.207354189083429712e-49
1.163291521630488035e+01 8.187667974580439935e-49
1.166869641097261123e+01 8.167922846484278275e-49
1.170458766351217683e+01 8.148110794351736688e-49
1.174058931244593929e+01 8.128224165501167182e-49
1.177670169733754335e+01 8.108255505894355199e-49
1.181292515879504634e+01 8.088197866071380303e-49
1.184926003847420262e+01 8.068044738055294114e-49
1.188570667908161838e+01 8.047789779660494004e-49
1.192226542437804682e+01 8.027426955330714991e-49
1.195893661918157314e+01 8.006950527233832578e-49
1.199572060937092211e+01 7.986355047263724779e-49
1.203261774188866085e+01 7.965635349459033614e-49
1.206962836474453127e+01 7.944786543073591475e-49
1.210675282701867950e+01 7.923804005751178711e-49
1.214399147886500074e+01 7.902683377484400883e-49
1.218134467151437939e+01 7.881420554789322043e-49
1.221881275727806404e+01 7.860011690110074398e-49
1.225639608955095916e+01 7.838453171541886213e-49
1.229409502281493971e+01 7.816741631112660211e-49
1.233190991264224756e+01 7.794873939090392864e-49
1.236984111569879019e+01 7.772847197186465777e-49
1.240788898974754240e+01 7.750658734450881915e-49
1.244605389365189474e+01 7.728306102989883050e-49
1.248433618737906770e+01 7.705787074288544272e-49
1.252273623200347430e+01 7.683099635400662992e-49
1.256125438971015029e+01 7.660241985355279080e-49
1.259989102379815229e+01 7.637212531719466207e-49
1.263864649868400747e+01 7.614009887298976055e-49
1.267752117990511529e+01 7.590632867517966016e-49
1.271651543412324514e+01 7.567080485448646817e-49
1.275562962912793630e+01 7.543351950721048520e-49
1.279486413384001153e+01 7.519446665980915480e-49
1.283421931831505169e+01 7.495364224192895215e-49
1.287369555374685071e+01 7.471104405637723873e-49
1.291329321247096473e+01 7.446667175521944185e-49
1.295301266796817963e+01 7.422052681262627359e-49
1.299285429486808319e+01 7.397261249939937110e-49
1.303281846895253970e+01 7.372293385871604620e-49
1.307290556715929597e+01 7.347149768266633006e-49
1.311311596758547537e+01 7.321831248817014709e-49
1.315345004949119811e+01 7.296338849493267843e-49
1.319390819330311615e+01 7.270673760002940641e-49
1.323449078061804407e+01 7.244837335863301394e-49
1.327519819420649938e+01 7.218831096302889385e-49
1.331603081801638844e+01 7.192656721934196808e-49
1.335698903717654673e+01 7.166316052792496754e-49
1.339807323800043548e+01 7.139811086263866262e-49
1.343928380798976718e+01 7.113143975061483331e-49
1.348062113583812760e+01 7.086317025333398791e-49
1.352208561143470078e+01 7.059332694635088261e-49
1.356367762586787684e+01 7.032193590114873458e-49
1.360539757142901607e+01 7.004902466439055570e-49
1.364724584161608334e+01 6.977462224251921032e-49
1.368922283113741045e+01 6.949875908070999566e-49
1.373132893591537140e+01 6.922146704550285335e-49
1.377356455309016781e+01 6.894277940825551460e-49
1.381593008102352016e+01 6.866273082704268438e-49
1.385842591930247991e+01 6.838135732841301992e-49
1.390105246874314737e+01 6.809869629137019904e-49
1.394381013139449621e+01 6.781478643118395712e-49
1.398669931054212867e+01 6.752966778062991422e-49
1.402972041071210718e+01 6.724338167505624508e-49
1.407287383767476641e+01 6.695597073538106746e-49
1.411615999844850400e+01 6.666747885297185961e-49
1.415957930130368858e+01 6.637795117221171939e-49
1.420313215576642740e+01 6.608743407534954299e-49
1.424681897262251162e+01 6.579597516719033627e-49
1.429064016392121950e+01 6.550362325928300539e-49
1.433459614297925988e+01 6.521042835298527763e-49
1.437868732438461805e+01 6.491644162667127255e-49
1.442291412400052231e+01 6.462171541819084859e-49
1.446727695896931287e+01 6.432630321117606771e-49
1.451177624771641561e+01 6.403025961884009309e-49
1.455641240995426244e+01 6.373364036826339195e-49
1.460118586668627572e+01 6.343650228738620544e-49
1.464609704021080816e+01 6.313890328728520061e-49
1.469114635412515213e+01 6.284090235014039829e-49
1.473633423332953285e+01 6.254255950904885704e-49
1.478166110403107858e+01 6.224393583898626768e-49
1.482712739374790800e+01 6.194509343572376944e-49
1.487273353131309683e+01 6.164609540356600433e-49
1.491847994687876344e+01 6.134700583876404668e-49
1.496436707192010829e+01 6.104788981489301882e-49
1.501039533923949421e+01 6.074881336441523090e-49
1.505656518297050717e+01 6.044984346277890316e-49
1.510287703858209518e+01 6.015104801597748321e-49
1.514933134288260774e+01 5.985249583738337025e-49
1.519592853402399868e+01 5.955425663491053792e-49
1.524266905150586915e+01 5.925640099159582483e-49
1.528955333617970602e+01 5.895900034882660939e-49
1.533658183025294619e+01 5.866212698589749051e-49
1.538375497729322738e+01 5.836585400231130143e-49
1.543107322223253242e+01 5.807025529976570623e-49
1.547853701137137428e+01 5.777540555814737142e-49
1.552614679238304873e+01 5.748138021834580879e-49
1.557390301431779989e+01 5.718825545762763835e-49
1.562180612760712606e+01 5.689610817036215827e-49
1.566985658406794713e+01 5.660501594095583192e-49
1.571805483690694238e+01 5.631505702497076155e-49
1.576640134072476052e+01 5.602631032046976161e-49
1.581489655152036811e+01 5.573885534167629952e-49
1.586354092669528804e+01 5.545277219579870906e-49
1.591233492505797820e+01 5.516814155093232270e-49
1.596127900682809120e+01 5.488504460888186531e-49
1.601037363364088861e+01 5.460356307496019327e-49
1.605961926855151489e+01 5.432377912531688687e-49
1.610901637603943470e+01 5.404577537422744001e-49
1.615856542201279211e+01 5.376963484188057974e-49
1.620826687381276088e+01 5.349544091595910035e-49
1.625812120021803153e+01 5.322327731603101342e-49
1.630812887144915990e+01 5.295322805610829627e-49
1.635829035917306129e+01 5.268537740139026607e-49
1.640860613650740163e+01 5.241980983135656418e-49
1.645907667802511654e+01 5.215660999454525925e-49
1.650970245975883444e+01 5.189586266194626853e-49
1.656048395920543115e+01 5.163765268572148898e-49
1.661142165533044235e+01 5.138206494983347395e-49
1.666251602857268566e+01 5.112918432008430595e-49
1.671376756084869442e+01 5.087909559481703221e-49
1.676517673555735044e+01 5.063188345647941169e-49
1.681674403758437464e+01 5.038763241393741428e-49
1.686846995330692778e+01 5.014642675230557094e-49
1.692035497059822546e+01 4.990835047646341691e-49
1.697239957883206429e+01 4.967348725463060250e-49
1.702460426888753986e+01 4.944192036366166620e-49
1.707696953315357291e+01 4.921373263109932501e-49
1.712949586553364156e+01 4.898900637626780827e-49
1.718218376145036430e+01 4.876782335427221517e-49
1.723503371785024640e+01 4.855026469559577259e-49
1.728804623320830558e+01 4.833641084957310773e-49
1.734122180753280773e+01 4.812634152868683962e-49
1.739456094236996009e+01 4.792013564721124646e-49
1.744806414080867896e+01 4.771787127028645715e-49
1.750173190748527929e+01 4.751962555558518070e-49
1.755556474858830285e+01 4.732547470271716882e-49
1.760956317186321485e+01 4.713549390138217014e-49
1.766372768661726411e+01 4.694975728139225037e-49
1.771805880372425435e+01 4.676833786608941600e-49
1.777255703562933675e+01 4.659130752963714096e-49
1.782722289635391277e+01 4.641873695383630209e-49
1.788205690150039473e+01 4.625069559315139267e-49
1.793705956825715830e+01 4.608725163711784319e-49
1.799223141540334225e+01 4.592847198204614865e-49
1.804757296331380800e+01 4.577442220288101670e-49
1.810308473396398554e+01 4.562516653013894287e-49
1.815876725093484723e+01 4.548076783006125098e-49
1.821462103941780697e+01 4.534128759224047957e-49
1.827064662621972957e+01 4.520678591242724357e-49
1.832684453976780858e+01 4.507732149108385421e-49
1.838321531011466803e+01 4.495295162296258401e-49
1.843975946894324025e+01 4.483373220021823788e-49
1.849647754957186763e+01 4.471971770909088796e-49
1.855337008695931900e+01 4.461096123661190183e-49
1.861043761770977767e+01 4.450751447147788417e-49
1.866768068007798576e+01 4.440942771187354329e-49
1.872509981397425349e+01 4.431674986708093156e-49
1.878269556096960002e+01 4.422952846226038784e-49
1.884046846430080890e+01 4.414780963844519714e-49
1.889841906887563283e+01 4.407163814924304311e-49
1.895654792127782429e+01 4.400105735541869546e-49
1.901485556977240421e+01 4.393610920787984409e-49
1.907334256431072816e+01 4.387683423053283634e-49
1.913200945653576923e+01 4.382327148609741007e-49
1.919085679978724457e+01 4.377545854045315368e-49
1.924988514910688764e+01 4.373343140622968058e-49
1.930909506124363872e+01 4.369722448192198320e-49
1.936848709465893137e+01 4.366687046978326895e-49
1.942806180953196815e+01 4.364240028462796280e-49
1.948781976776492897e+01 4.362384293915230741e-49
1.954776153298839247e+01 4.361122541734926863e-49
1.960788767056652304e+01 4.360457252423731686e-49
1.966819874760250286e+01 4.360390672662086508e-49
1.972869533294383260e+01 4.360924795758891877e-49
1.978937799718771728e+01 4.362061341768904649e-49
1.985024731268639542e+01 4.363801734818308994e-49
1.991130385355264565e+01 4.366147078549652979e-49
1.997254819566508033e+01 4.369098129825417300e-49
2.003398091667366643e+01 4.372658020612360008e-49
2.009560259600511856e+01 4.376826125237594528e-49
2.015741381486840922e+01 4.381599742462258303e-49
2.021941515626020092e+01 4.386977950802536079e-49
2.028160720497037772e+01 4.392959326248455003e-49
2.034399054758758041e+01 4.399541907849009565e-49
2.040656577250467052e+01 4.406723162403695120e-49
2.046933346992436498e+01 4.414499948269131985e-49
2.053229423186472147e+01 4.422868480209140752e-49
2.059544865216478726e+01 4.431824293102428649e-49
2.065879732649015921e+01 4.441362207251777075e-49
2.072234085233863965e+01 4.451476294061467262e-49
2.078607982904581775e+01 4.462159842795041738e-49
2.085001485779078223e+01 4.473405329336113275e-49
2.091414654160173470e+01 4.485204386548055759e-49
2.097847548536174500e+01 4.497547776499893175e-49
2.104300229581436810e+01 4.510425366024588208e-49
2.110772758156946338e+01 4.523826104437137983e-49
2.117265195310885773e+01 4.537738004609665985e-49
2.123777602279212928e+01 4.552148127645381244e-49
2.130310040486243750e+01 4.567042571046620828e-49
2.136862571545218259e+01 4.582406460612016772e-49
2.143435257258898829e+01 4.598223947211355359e-49
2.150028159620136847e+01 4.614478206804796906e-49
2.156641340812470631e+01 4.631151445804929438e-49
2.163274863210702392e+01 4.648224910592666061e-49
2.169928789381493672e+01 4.665678901609715047e-49
2.176603182083947985e+01 4.683492792647340609e-49
2.183298104270211226e+01 4.701645054104767788e-49
2.190013619086057162e+01 4.720113281901362333e-49
2.196749789871492453e+01 4.738874230051385518e-49
2.203506680161341080e+01 4.757903848347448719e-49
2.210284353685860026e+01 4.777177324732954555e-49
2.217082874371321211e+01 4.796669131260388781e-49
2.223902306340633572e+01 4.816353074639196846e-49
2.230742713913936726e+01 4.836202350460720319e-49
2.237604161609206344e+01 4.856189601382972687e-49
2.244486714142869843e+01 4.876286977943621951e-49
2.251390436430411768e+01 4.896466203107482777e-49
2.258315393586988051e+01 4.916698639375473750e-49
2.265261650928038151e+01 4.936955358264257824e-49
2.272229273969905350e+01 4.957207211203438856e-49
2.279218328430447826e+01 4.977424903397351118e-49
2.286228880229668547e+01 4.997579067489409364e-49
2.293260995490323850e+01 5.017640339271081007e-49
2.300314740538560798e+01 5.037579432932421407e-49
2.307390181904530380e+01 5.057367217145027841e-49
2.314487386323026286e+01 5.076974789978601999e-49
2.321606420734104859e+01 5.096373554161018055e-49
2.328747352283722805e+01 5.115535289923396673e-49
2.335910248324368865e+01 5.134432227250087218e-49
2.343095176415694780e+01 5.153037116225141115e-49
2.350302204325160815e+01 5.171323294621518457e-49
2.357531400028666724e+01 5.189264752921980548e-49
2.364782831711199762e+01 5.206836197296748965e-49
2.372056567767468849e+01 5.224013108368814548e-49
2.379352676802563593e+01 5.240771797357403905e-49
2.386671227632584902e+01 5.257089458070598252e-49
2.394012289285309691e+01 5.272944215388207344e-49
2.401375931000826824e+01 5.288315168986316405e-49
2.408762222232204664e+01 5.303182433879176282e-49
2.416171232646135181e+01 5.317527175924299577e-49
2.423603032123596890e+01 5.331331642756764218e-49
2.431057690760511747e+01 5.344579191312030727e-49
2.438535278868405598e+01 5.357254309593695672e-49
2.446035866975077155e+01 5.369342634907174829e-49
2.453559525825252408e+01 5.380830966622648698e-49
2.461106326381263187e+01 5.391707275767306517e-49
2.468676339823706556e+01 5.401960709329588372e-49
2.476269637552126568e+01 5.411581590938990359e-49
2.483886291185676143e+01 5.420561416902047918e-49
2.491526372563804514e+01 5.428892848544479488e-49
2.499189953746923720e+01 5.436569701644862089e-49
2.506877107017096762e+01 5.443586930561126205e-49
2.514587904878714042e+01 5.449940610227524515e-49
2.522322420059181525e+01 5.455627914942378279e-49
2.530080725509600725e+01 5.460647093654007978e-49
2.537862894405464331e+01 5.464997442847383163e-49
2.545669000147338323e+01 5.468679277003485639e-49
2.553499116361562571e+01 5.471693896713499870e-49
2.561353316900939703e+01 5.474043554570785297e-49
2.569231675845429663e+01 5.475731419982775674e-49
2.577134267502857767e+01 5.476761541263237657e-49
2.585061166409603928e+01 5.477138808105487775e-49
2.593012447331316750e+01 5.476868911160553604e-49
2.600988185263608443e+01 5.475958301768340443e-49
2.608988455432771048e+01 5.474414151314936223e-49
2.617013333296477740e+01 5.472244309920668037e-49
2.625062894544504033e+01 5.469457263624985227e-49
2.633137215099431216e+01 5.466062093992404591e-49
2.641236371117372528e+01 5.462068435743107830e-49
2.649360438988680855e+01 5.457486435425144272e-49
2.657509495338682370e+01 5.452326710990680026e-49
2.665683617028383878e+01 5.446600310929758228e-49
2.673882881155211777e+01 5.440318675110586017e-49
2.682107365053731129e+01 5.433493596227254494e-49
2.690357146296375745e+01 5.426137181282122819e-49
2.698632302694183949e+01 5.418261815346489081e-49
2.706932912297526173e+01 5.409880125738313325e-49
2.715259053396849609e+01 5.401004947171287796e-49
2.723610804523406159e+01 5.391649289234906489e-49
2.731988244450004544e+01 5.381826303750935843e-49
2.740391452191740740e+01 5.371549254287099901e-49
2.748820507006757197e+01 5.360831487019656449e-49
2.757275488396976826e+01 5.349686402492088877e-49
2.765756476108864703e+01 5.338127429211065817e-49
2.774263550134168810e+01 5.326167998820438792e-49
2.782796790710685642e+01 5.313821521661985236e-49
2.791356278323008056e+01 5.301101365004322478e-49
2.799942093703290169e+01 5.288020831770143805e-49
2.808554317832007996e+01 5.274593140980096698e-49
2.817193031938716885e+01 5.260831409473693372e-49
2.825858317502829209e+01 5.246748634328773018e-49
2.834550256254371092e+01 5.232357677973411014e-49
2.843268930174762232e+01 5.217671253071438603e-49
2.852014421497582575e+01 5.202701909682110021e-49
2.860786812709353555e+01 5.187462022508868449e-49
2.869586186550311524e+01 5.171963780614606182e-49
2.878412626015192544e+01 5.156219176925126556e-49
2.887266214354007587e+01 5.140239999464476630e-49
2.896147035072840126e+01 5.124037823121189230e-49
2.905055171934618841e+01 5.107624003694458659e-49
2.913990708959922316e+01 5.091009671263143413e-49
2.922953730427758146e+01 5.074205723913240255e-49
2.931944320876368693e+01 5.057222824497664531e-49
2.940962565104024051e+01 5.040071397036965097e-49
2.950008548169816791e+01 5.022761623098851964e-49
2.959082355394475528e+01 5.005303440294990196e-49
2.968184072361157533e+01 4.987706540183757919e-49
2.977313784916267991e+01 4.969980367617235366e-49
2.986471579170256163e+01 4.952134119701655952e-49
2.995657541498441745e+01 4.934176746336068558e-49
3.004871758541816718e+01 4.916118334185704468e-49
3.014114317207873839e+01 4.897967152866412333e-49
3.023385304671416307e+01 4.879730161907096401e-49
3.032684808375388386e+01 4.861415338809920275e-49
3.042012916031692527e+01 4.843030413374356197e-49
3.051369715622025680e+01 4.824582877268424866e-49
3.060755295398697484e+01 4.806079986797969906e-49
3.070169743885474745e+01 4.787528766379250801e-49
3.079613149878410283e+01 4.768936010723203782e-49
3.089085602446676049e+01 4.750308289221235670e-49
3.098587190933414348e+01 4.731651949051341828e-49
3.108118004956568825e+01 4.712973119014412008e-49
3.117678134409740665e+01 4.694277713539432717e-49
3.127267669463025612e+01 4.675571436539217955e-49
3.136886700563874797e+01 4.656859785777925986e-49
3.146535318437936724e+01 4.638148056801959267e-49
3.156213614089928043e+01 4.619441347406735731e-49
3.165921678804471995e+01 4.600744561943142980e-49
3.175659604146980541e+01 4.582062415735364850e-49
3.185427481964499918e+01 4.563399439276172893e-49
3.195225404386592771e+01 4.544759983163182837e-49
3.205053463826189386e+01 4.526148221823685502e-49
3.214911752980477644e+01 4.507568158619666844e-49
3.224800364831766331e+01 4.489023629863837555e-49
3.234719392648360525e+01 4.470518309368955006e-49
3.244668929985453332e+01 4.452055712655480239e-49
3.254649070685991319e+01 4.433639201657309388e-49
3.264659908881575490e+01 4.415271988654789978e-49
3.274701538993338801e+01 4.396957140688267659e-49
3.284774055732842157e+01 4.378697583655327203e-49
3.294877554102962591e+01 4.360496106580981990e-49
3.305012129398798493e+01 4.342355365723606877e-49
3.315177877208554946e+01 4.324277888465747843e-49
3.325374893414460331e+01 4.306266077314400331e-49
3.335603274193653789e+01 4.288322213782877111e-49
3.345863116019112482e+01 4.270448462162009468e-49
3.356154515660541904e+01 4.252646873288552144e-49
3.366477570185303136e+01 4.234919388230965443e-49
3.376832376959320925e+01 4.217267841963115170e-49
3.387219033648000988e+01 4.199693966562733848e-49
3.397637638217158695e+01 4.182199394997413723e-49
3.408088288933933541e+01 4.164785664184987991e-49
3.418571084367726343e+01 4.147454218458415606e-49
3.429086123391116558e+01 4.130206412803858005e-49
3.439633505180809436e+01 4.113043515658868711e-49
3.450213329218555458e+01 4.095966712182296918e-49
3.460825695292105308e+01 4.078977107429671437e-49
3.471470703496132870e+01 4.062075728529594696e-49
3.482148454233200852e+01 4.045263528297862935e-49
3.492859048214683781e+01 4.028541387479827815e-49
3.503602586461740032e+01 4.011910117462098119e-49
3.514379170306248312e+01 3.995370462998242470e-49
3.525188901391770457e+01 3.978923104699327100e-49
3.536031881674516342e+01 3.962568661106194374e-49
3.546908213424288192e+01 3.946307691631398579e-49
3.557817999225463979e+01 3.930140698321705597e-49
3.568761341977950963e+01 3.914068128488220083e-49
3.579738344898166957e+01 3.898090376599083048e-49
3.590749111520003822e+01 3.882207786555017819e-49
3.601793745695813698e+01 3.866420653466401233e-49
3.612872351597377474e+01 3.850729226035773753e-49
3.623985033716903814e+01 3.835133708091745887e-49
3.635131896867992651e+01 3.819634260586763083e-49
3.646313046186645579e+01 3.804231003531352126e-49
3.657528587132240006e+01 3.788924017434887427e-49
3.668778625488537415e+01 3.773713345135816887e-49
3.680063267364670310e+01 3.758598993657926128e-49
3.691382619196151182e+01 3.743580935503089393e-49
3.702736787745873670e+01 3.728659110178565531e-49
3.714125880105113708e+01 3.713833425901104487e-49
3.725550003694552004e+01 3.699103761237924983e-49
3.737009266265272345e+01 3.684469966055736505e-49
3.748503775899791890e+01 3.669931863463214925e-49
3.760033641013070138e+01 3.655489251016290875e-49
3.771598970353539926e+01 3.641141901921882354e-49
3.783199873004122082e+01 3.626889566815342710e-49
3.794836458383271349e+01 3.612731975270287058e-49
3.806508836245983218e+01 3.598668837356423727e-49
3.818217116684860457e+01 3.584699845457710118e-49
3.829961410131121369e+01 3.570824676527725525e-49
3.841741827355665606e+01 3.557042994444201985e-49
3.853558479470100195e+01 3.543354454828521717e-49
3.865411477927798956e+01 3.529758709116242165e-49
3.877300934524953391e+01 3.516255413016059952e-49
3.889226961401618610e+01 3.502844240016261629e-49
3.901189671042780560e+01 3.489524904871512165e-49
3.913189176279411186e+01 3.476297208961912697e-49
3.925225590289537081e+01 3.463161132371011246e-49
3.937299026599297491e+01 3.450117044595811660e-49
3.949409599084033573e+01 3.437166244573577887e-49
3.961557421969337867e+01 3.424312592478548271e-49
3.973742609832154216e+01 3.411568771240207281e-49
3.985965277601845003e+01 3.398991919329085765e-49
3.998225540561279701e+01 3.387163049880775269e-49
4.010523514347919161e+01 3.385777020311899591e-49
4.022859314954914112e+01 3.361662187526574512e-49
4.035233058732188027e+01 3.349038160462009409e-49
4.047644862387542730e+01 3.336729547346366637e-49
4.060094842987758312e+01 3.324547089770746233e-49
4.072583117959690213e+01 3.312462139390938433e-49
4.085109805091391877e+01 3.300466732568346903e-49
4.097675022533204015e+01 3.288557709871145327e-49
4.110278888798890051e+01 3.276733427637607827e-49
4.122921522766741020e+01 3.264992822850566832e-49
4.135603043680703195e+01 3.253335087300266278e-49
4.148323571151495059e+01 3.241759536728859922e-49
4.161083225157749155e+01 3.230265552447641178e-49
4.173882126047124785e+01 3.218852553345011861e-49
4.186720394537464784e+01 3.207519981196640999e-49
4.199598151717911776e+01 3.196267293125611811e-49
4.212515519050072044e+01 3.185093957206934418e-49
4.225472618369141031e+01 3.173999450035044600e-49
4.238469571885067921e+01 3.162983255660867287e-49
4.251506502183703162e+01 3.152044864860902825e-49
4.264583532227946705e+01 3.141183774744566640e-49
4.277700785358924662e+01 3.130399488716898245e-49
4.290858385297132571e+01 3.119691516722291572e-49
4.304056456143624132e+01 3.109059375478621110e-49
4.317295122381155892e+01 3.098502588628635820e-49
4.330574508875392326e+01 3.088020687051706975e-49
4.343894740876051941e+01 3.077613209448139068e-49
4.357255944018113780e+01 3.067279702693230661e-49
4.370658244322986263e+01 3.057019722282521560e-49
4.384101768199708715e+01 3.046832832680649337e-49
4.397586642446124472e+01 3.036718607960840114e-49
4.411112994250103725e+01 3.026676632215536036e-49
4.424680951190716627e+01 3.016706500028904216e-49
4.438290641239456136e+01 3.006807817073688625e-49
4.451942192761431727e+01 2.996980200532846337e-49
4.465635734516591526e+01 2.987223279795014316e-49
4.479371395660924549e+01 2.977536696929205753e-49
4.493149305747690647e+01 2.967920107303345653e-49
4.506969594728636253e+01 2.958373180209329502e-49
4.520832392955214374e+01 2.948895599531331192e-49
4.534737831179832313e+01 2.939487064355103982e-49
4.548686040557060295e+01 2.930147289674923238e-49
4.562677152644894107e+01 2.920876007058145512e-49
4.576711299405972255e+01 2.911672965474148441e-49
4.590788613208839308e+01 2.902537931974051974e-49
4.604909226829180824e+01 2.893470692592503699e-49
4.619073273451088113e+01 2.884471053020436026e-49
4.633280886668297427e+01 2.875538839699951861e-49
4.647532200485473908e+01 2.866673900639593927e-49
4.661827349319453617e+01 2.857876106337565388e-49
4.676166468000517540e+01 2.849145350782173372e-49
4.690549691773673402e+01 2.840481552531561623e-49
4.704977156299916174e+01 2.831884655874071920e-49
4.719448997657520550e+01 2.823354631726983229e-49
4.733965352343311395e+01 2.814891479099814397e-49
4.748526357273966880e+01 2.806495226270216522e-49
4.763132149787293912e+01 2.798165932130811744e-49
4.777782867643537656e+01 2.789903687438010057e-49
4.792478649026668336e+01 2.781708616594922553e-49
4.807219632545695731e+01 2.773580878934903909e-49
4.822005957235964502e+01 2.765520670393411163e-49
4.836837762560481480e+01 2.757528225137535443e-49
4.851715188411213120e+01 2.749603817546973004e-49
4.866638375110416348e+01 2.741747763845327307e-49
4.881607463411965853e+01 2.733960424034208413e-49
4.896622594502664327e+01 2.726242204196025530e-49
4.911683910003593923e+01 2.718593558599127415e-49
4.926791551971437144e+01 2.711014991869150050e-49
4.941945662899828307e+01 2.703507061447134265e-49
4.957146385720682247e+01 2.696070380362618940e-49
4.972393863805568515e+01 2.688705619529616872e-49
4.987688240967028719e+01 2.681413510704039730e-49
5.003029661459967059e+01 2.674068479386195676e-49
5.018418269982980462e+01 2.666268407364919776e-49
5.033854211679753377e+01 2.658517460621803069e-49
5.049337632140399990e+01 2.650815202535577217e-49
5.064868677402856179e+01 2.643161200133201015e-49
5.080447493954241622e+01 2.635555023989540098e-49
5.096074228732262412e+01 2.627996248528778672e-49
5.111749029126569610e+01 2.620484451086055735e-49
5.127472042980173939e+01 2.613019212825157382e-49
5.143243418590828497e+01 2.605600118432295383e-49
5.159063304712424980e+01 2.598226756040122511e-49
5.174931850556407653e+01 2.590898717339186197e-49
5.190849205793164600e+01 2.583615597291737436e-49
5.206815520553460175e+01 2.576376994404298020e-49
5.222830945429827665e+01 2.569182510544780083e-49
5.238895631478013826e+01 2.562031750882811394e-49
5.255009730218379360e+01 2.554924323873103300e-49
5.271173393637351978e+01 2.547859841839799611e-49
5.287386774188836114e+01 2.540837920119531615e-49
5.303650024795674511e+01 2.533858177425459156e-49
5.319963298851067179e+01 2.526920235787652138e-49
5.336326750220041504e+01 2.520023720547442568e-49
5.352740533240879728e+01 2.513168260321362662e-49
5.369204802726598302e+01 2.506353487038096663e-49
5.385719713966390998e+01 2.499579035942192083e-49
5.402285422727095465e+01 2.492844545624833323e-49
5.418902085254672585e+01 2.486149657886753399e-49
5.435569858275670185e+01 2.479494017809708223e-49
5.452288898998708078e+01 2.472877273865764887e-49
5.469059365115949589e+01 2.466299077861937568e-49
5.485881414804607203e+01 2.459759085132773591e-49
5.502755206728412674e+01 2.453256954145269829e-49
5.519680900039139715e+01 2.446792347017728748e-49
5.536658654378071986e+01 2.440364929391414800e-49
5.553688629877544969e+01 2.433974370421409429e-49
5.570770987162422472e+01 2.427620342436196868e-49
5.587905887351642065e+01 2.421302519461590285e-49
5.605093492059707927e+01 2.415020569528645448e-49
5.622333963398234147e+01 2.408774109113819945e-49
5.639627463977471677e+01 2.402561963514538420e-49
5.656974156907823925e+01 2.396389205187375657e-49
5.674374205801412785e+01 2.390247481287682445e-49
5.691827774773595650e+01 2.384141290467681556e-49
5.709335028444537130e+01 2.378070523485385206e-49
5.726896131940738144e+01 2.372037136064366177e-49
5.744511250896619003e+01 2.366051945243814019e-49
5.762180551456052768e+01 2.360261288399714646e-49
5.779904200273961834e+01 2.354666393833063038e-49
5.797682364517863363e+01 2.348238920602524482e-49
5.815515211869466583e+01 2.342332852727738092e-49
5.833402910526240248e+01 2.336481390706321019e-49
5.851345629203010645e+01 2.330666197739329436e-49
5.869343537133537581e+01 2.324883888611355421e-49
5.887396804072130152e+01 2.319133309405668889e-49
5.905505600295234103e+01 2.313413863389096111e-49
5.923670096603036939e+01 2.307725139047322153e-49
5.941890464321088672e+01 2.302066799606629552e-49
5.960166875301907652e+01 2.296438543355875033e-49
5.978499501926614101e+01 2.290840087277669005e-49
5.996888517106535232e+01 2.285271159609210502e-49
6.015334094284863653e+01 2.279731496110552229e-49
6.033836407438265326e+01 2.274220838113643492e-49
6.052395631078546501e+01 2.268738931466383944e-49
6.071011940254273043e+01 2.263285525828574712e-49
6.089685510552449443e+01 2.257860374303822715e-49
6.108416518100147385e+01 2.252463233216188960e-49
6.127205139566193282e+01 2.247093861808532581e-49
6.146051552162809628e+01 2.241752022201806005e-49
6.164955933647308228e+01 2.236437479352008500e-49
6.183918462323754284e+01 2.231150000815075919e-49
6.202939317044646117e+01 2.225889356948569599e-49
6.222018677212616211e+01 2.220655320770112257e-49
6.241156722782100985e+01 2.215447667805562220e-49
6.260353634261067413e+01 2.210266176225068576e-49
6.279609592712682087e+01 2.205110626619187338e-49
6.298924779757054182e+01 2.199980801947403692e-49
6.318299377572912334e+01 2.194876487734858889e-49
6.337733568899356840e+01 2.189797471855241311e-49
6.357227537037553589e+01 2.184743544653559214e-49
6.376781465852492659e+01 2.179714498959626344e-49
6.396395539774688643e+01 2.174710129866456648e-49
6.416069943801956299e+01 2.169730234877444061e-49
6.435804863501118689e+01 2.164774613750072671e-49
6.455600485009793488e+01 2.159843068400404607e-49
6.475456995038123864e+01 2.154935403113085531e-49
6.495374580870540626e+01 2.150051424413003307e-49
6.515353430367547105e+01 2.145190941051086046e-49
6.535393731967467090e+01 2.140353763977099967e-49
6.555495674688246766e+01 2.135539706321878629e-49
6.575659448129208329e+01 2.130748583078665355e-49
6.595885242472871823e+01 2.125980211790733625e-49
6.616173248486715863e+01 2.121234412205896547e-49
6.636523657525007991e+01 2.116511005969423229e-49
6.656936661530579613e+01 2.111809817090408278e-49
6.677412453036664886e+01 2.107130671172352774e-49
6.697951225168688438e+01 2.102473395962341958e-49
6.718553171646115629e+01 2.097837821336150479e-49
6.739218486784253059e+01 2.093223779037481571e-49
6.759947365496101668e+01 2.088631103056294784e-49
6.780740003294187090e+01 2.084059629246183595e-49
6.801596596292395702e+01 2.079509195435683595e-49
6.822517341207844765e+01 2.074979641483307665e-49
6.843502435362709946e+01 2.070470808888291879e-49
6.864552076686119619e+01 2.065982541213084468e-49
6.885666463715985230e+01 2.061514683883344467e-49
6.906845795600912652e+01 2.057067084214986998e-49
6.928090272102039648e+01 2.052639591388595368e-49
6.949400093594960026e+01 2.048232056402753394e-49
6.970775461071579571e+01 2.043844331939558920e-49
6.992216576142037354e+01 2.039476272707313914e-49
7.013723641036588674e+01 2.035127735133175356e-49
7.035296858607527781e+01 2.030798577398555847e-49
7.056936432331085030e+01 2.026488659510776790e-49
7.078642566309360973e+01 2.022197842955486546e-49
7.100415465272249094e+01 2.017925991050678372e-49
7.122255334579348585e+01 2.013672968727125546e-49
7.144162380221933972e+01 2.009438642672285177e-49
7.166136808824860793e+01 2.005222881277811645e-49
7.188178827648552272e+01 2.001025554486181530e-49
7.210288644590916363e+01 1.996846534133139112e-49
7.232466468189345221e+01 1.992685693072514955e-49
7.254712507622643614e+01 1.988542905992507077e-49
7.277026972713034070e+01 1.984418049001633930e-49
7.299410073928112297e+01 1.980310999826282852e-49
7.321862022382852331e+01 1.976221637844713316e-49
7.344383029841580424e+01 1.972149843765807437e-49
7.366973308719987301e+01 1.968095499573906807e-49
7.389633072087111998e+01 1.964058489028373925e-49
7.412362533667374009e+01 1.960038697109205257e-49
7.435161907842581286e+01 1.956036010246398570e-49
7.458031409653933963e+01 1.952050316132505487e-49
7.480971254804093462e+01 1.948081503735238562e-49
7.503981659659157799e+01 1.944129463408789724e-49
7.527062841250773317e+01 1.940194086878129160e-49
7.550215017278115681e+01 1.936275266874243339e-49
7.573438406109990240e+01 1.932372897491897617e-49
7.596733226786865600e+01 1.928486873813113809e-49
7.620099699022949835e+01 1.924617092459447599e-49
7.643538043208259580e+01 1.920763451128242104e-49
7.667048480410701927e+01 1.916925848687798155e-49
7.690631232378153470e+01 1.913104185047743840e-49
7.714286521540564934e+01 1.909298361010655244e-49
7.738014571012033116e+01 1.905508278602220001e-49
7.761815604592942464e+01 1.901733841007026363e-49
7.785689846772044120e+01 1.897974952151325675e-49
7.809637522728579029e+01 1.894231517095836667e-49
7.833658858334425190e+01 1.890503441698271454e-49
7.857754080156192344e+01 1.886790633087042447e-49
7.881923415457389126e+01 1.883092999223739251e-49
7.906167092200543323e+01 1.879410448888010590e-49
7.930485339049378979e+01 1.875742891834797984e-49
7.954878385370942340e+01 1.872090238723198385e-49
7.979346461237786059e+01 1.868452401052720421e-49
8.003889797430130670e+01 1.864829291157434372e-49
8.028508625438054480e+01 1.861220822166219547e-49
8.053203177463647933e+01 1.857626908033471045e-49
8.077973686423240451e+01 1.854047463492443477e-49
8.102820385949564752e+01 1.850482404169481887e-49
8.127743510393980841e+01 1.846931646407737293e-49
8.152743294828688647e+01 1.843395107300654518e-49
8.177819975048915069e+01 1.839872704729997761e-49
8.202973787575186293e+01 1.836364357302729000e-49
8.228204969655507739e+01 1.832869984629728732e-49
8.253513759267646321e+01 1.829389506534921533e-49
8.278900395121331712e+01 1.825922843792897074e-49
8.304365116660558499e+01 1.822469917745467706e-49
8.329908164065793130e+01 1.819030650726442801e-49
8.355529778256280338e+01 1.815604965661062031e-49
8.381230200892281346e+01 1.812192786134775941e-49
8.407009674377390240e+01 1.808794036429337841e-49
8.432868441860777864e+01 1.805408641501588051e-49
8.458806747239529500e+01 1.802036526979531090e-49
8.484824835160900136e+01 1.798677619164206685e-49
8.510922951024667782e+01 1.795331845024061935e-49
8.537101340985414311e+01 1.791999132057125808e-49
8.563360251954848934e+01 1.788679408640792808e-49
8.589699931604168626e+01 1.785372603749725232e-49
8.616120628366347489e+01 1.782078646916904631e-49
8.642622591438524182e+01 1.778797468414879027e-49
8.669206070784316864e+01 1.775528999132235073e-49
8.695871317136209200e+01 1.772273171002820124e-49
8.722618581997890885e+01 1.769029915826872063e-49
8.749448117646652179e+01 1.765799166311444094e-49
8.776360177135744323e+01 1.762580855489933857e-49
8.803355014296776915e+01 1.759374917729028748e-49
8.830432883742108174e+01 1.756181287705626107e-49
8.857594040867252261e+01 1.752999900655421485e-49
8.884838741853278066e+01 1.749830692492112578e-49
8.912167243669235006e+01 1.746673599720773828e-49
8.939579804074575975e+01 1.743528559484857958e-49
8.967076681621568923e+01 1.740395509423428975e-49
8.994658135657779496e+01 1.737274387888607254e-49
9.022324426328457037e+01 1.734165133830553519e-49
9.050075814579054168e+01 1.731067686628580680e-49
9.077912562157622745e+01 1.727981986317129352e-49
9.105834931617343386e+01 1.724907973557207467e-49
9.133843186318944163e+01 1.721845589625190821e-49
9.161937590433248602e+01 1.718794776260873480e-49
9.190118408943590111e+01 1.715755475904252296e-49
9.218385907648392674e+01 1.712727631551999121e-49
9.246740353163606585e+01 1.709711186872629889e-49
9.275182012925282038e+01 1.706706085838662656e-49
9.303711155192041815e+01 1.703712273059031408e-49
9.332328049047647767e+01 1.700729693620464497e-49
9.361032964403527501e+01 1.697758293477814965e-49
9.389826172001302496e+01 1.694798019134875760e-49
9.418707943415373052e+01 1.691848817501718714e-49
9.447678551055449248e+01 1.688910635818986758e-49
9.476738268169152946e+01 1.685983421897744173e-49
9.505887368844557272e+01 1.683067124375205343e-49
9.535126128012808522e+01 1.680161692348770437e-49
9.564454821450679844e+01 1.677267075222923437e-49
9.593873725783228679e+01 1.674383223371305850e-49
9.623383118486336230e+01 1.671510087549521056e-49
9.652983277889383373e+01 1.668647618992297511e-49
9.682674483177839875e+01 1.665795769339345270e-49
9.712457014395920396e+01 1.662954490891589890e-49
9.742331152449207821e+01 1.660123736418593773e-49
9.772297179107314946e+01 1.657303459195737009e-49
9.802355377006541914e+01 1.654493612942955393e-49
9.832506029652522272e+01 1.651694152149502895e-49
9.862749421422934404e+01 1.648905031795380948e-49
9.893085837570140484e+01 1.646126207203069146e-49
9.923515564223916385e+01 1.643357634125373679e-49
9.954038888394120477e+01 1.640599266728935844e-49
9.984656097973422106e+01 1.637851064600569368e-49
1.001536748173999456e+02 1.635112985450759613e-49
1.004617332936026770e+02 1.632384986889003161e-49
1.007707393139163656e+02 1.629667026485310983e-49
1.010806957928519267e+02 1.626959062988801810e-49
1.013916056538852786e+02 1.624261055606641946e-49
1.017034718294842435e+02 1.621572963997141427e-49
1.020162972611364864e+02 1.618894748261905171e-49
1.023300848993775247e+02 1.616226368939494496e-49
1.026448377038180269e+02 1.613567786995660742e-49
1.029605586431721349e+02 1.610918963814816160e-49
1.032772506952852041e+02 1.608279861194183693e-49
1.035949168471623665e+02 1.605650441330664415e-49
1.039135600949959581e+02 1.603030666816552374e-49
1.042331834441943954e+02 1.600420500628584299e-49
1.045537899094100851e+02 1.597819906119610281e-49
1.048753825145684857e+02 1.595228847009855003e-49
1.051979642928958611e+02 1.592647287379005459e-49
1.055215382869483562e+02 1.590075191655863637e-49
1.058461075486404752e+02 1.587512524613409015e-49
1.061716751392743134e+02 1.584959251357584481e-49
1.064982441295677660e+02 1.582415337321035717e-49
1.068258175996838446e+02 1.579880748256252745e-49
1.071543986392599663e+02 1.577355450226867990e-49
1.074839903474365741e+02 1.574839409601997689e-49
1.078145958328867238e+02 1.572332593050390909e-49
1.081462182138451595e+02 1.569834967532096805e-49
1.084788606181382136e+02 1.567346500295735976e-49
1.088125261832127251e+02 1.564867158871471467e-49
1.091472180561658263e+02 1.562396911066738417e-49
1.094829393937746858e+02 1.559935724961621054e-49
1.098196933625265643e+02 1.557483568904986284e-49
1.101574831386480042e+02 1.555040411510314948e-49
1.104963119081354250e+02 1.552606221649447854e-49
1.108361828667846396e+02 1.550180968441462287e-49
1.111770992202217201e+02 1.547764621158900049e-49
1.115190641839324002e+02 1.545357151021127920e-49
1.118620809832927989e+02 1.542958524625473674e-49
1.122061528536002015e+02 1.540568714598198934e-49
1.125512830401028026e+02 1.538187690808249009e-49
1.128974747980309559e+02 1.535815423872453605e-49
1.132447313926273580e+02 1.533451884683103343e-49
1.135930560991786393e+02 1.531097044385041699e-49
1.139424522030452778e+02 1.528750874371511833e-49
1.142929229996932463e+02 1.526413346282034900e-49
1.146444717947247227e+02 1.524084432002458287e-49
1.149971019039098366e+02 1.521764103663486649e-49
1.153508166532172368e+02 1.519452333640930881e-49
1.157056193788457961e+02 1.517149094555149214e-49
1.160615134272560738e+02 1.514854359270629971e-49
1.164185021552021198e+02 1.512568100896592078e-49
1.167765889297625534e+02 1.510290292786051827e-49
1.171357771283727942e+02 1.508020908535795921e-49
1.174960701388566235e+02 1.505759921987561573e-49
1.178574713594586427e+02 1.503507307227240214e-49
1.182199841988756646e+02 1.501263038587073625e-49
1.185836120762890857e+02 1.499027090646554498e-49
1.189483584213976854e+02 1.496799438240143864e-49
1.193142266744490030e+02 1.494580056475281144e-49
1.196812202862725627e+02 1.492368920811171156e-49
1.200493427183119195e+02 1.490166007553088806e-49
1.204185974426579975e+02 1.487971303174546375e-49
1.207889879420809223e+02 1.485784785599386530e-49
1.211605177100634734e+02 1.483606351705661510e-49
1.215331902508337976e+02 1.481436080965328932e-49
1.219070090793989039e+02 1.479273914579467778e-49
1.222819777215770642e+02 1.477119828350260305e-49
1.226580997140316356e+02 1.474973799339099804e-49
1.230353786043040856e+02 1.472835805006035219e-49
1.234138179508479993e+02 1.470705823096209468e-49
1.237934213230619207e+02 1.468583831616582200e-49
1.241741923013233162e+02 1.466469808827749937e-49
1.245561344770227663e+02 1.464363733241968900e-49
1.249392514525970768e+02 1.462265583621743023e-49
1.253235468415637826e+02 1.460175338979414694e-49
1.257090242685549555e+02 1.458092978576258305e-49
1.260956873693519213e+02 1.456018481922257678e-49
1.264835397909186838e+02 1.453951828774110476e-49
1.268725851914370395e+02 1.451892999134989487e-49
1.272628272403405987e+02 1.449841973253141641e-49
1.276542696183501135e+02 1.447798731619692075e-49
1.280469160175071863e+02 1.445763254966347714e-49
1.284407701412099243e+02 1.443735524264169693e-49
1.288358357042472733e+02 1.441715520720396895e-49
1.292321164328348004e+02 1.439703225775378125e-49
1.296296160646489852e+02 1.437698621099766546e-49
1.300283383488628886e+02 1.435701688591160913e-49
1.304282870461818504e+02 1.433712410370669501e-49
1.308294659288782213e+02 1.431730768778761494e-49
1.312318787808274863e+02 1.429756746371707287e-49
1.316355293975436496e+02 1.427790325917598702e-49
1.320404215862155297e+02 1.425831490392438904e-49
1.324465591657419736e+02 1.423880222975003971e-49
1.328539459667683218e+02 1.421936507044410127e-49
1.332625858317223617e+02 1.420000326174967144e-49
1.336724826148509067e+02 1.418071664131754362e-49
1.340836401822556923e+02 1.416150504868320285e-49
1.344960624119299553e+02 1.414236832521823895e-49
1.349097531937950691e+02 1.412330631409519962e-49
1.353247164297376344e+02 1.410431886026290571e-49
1.357409560336455172e+02 1.408540581040885074e-49
1.361584759314451105e+02 1.406656701293310513e-49
1.365772800611388504e+02 1.404780231792035559e-49
1.369973723728414257e+02 1.402911157712441402e-49
1.374187568288177204e+02 1.401049464394080570e-49
1.378414374035198477e+02 1.399195137339202462e-49
1.382654180836251214e+02 1.397348162211425292e-49
1.386907028680729468e+02 1.395508524834244719e-49
1.391172957681030482e+02 1.393676211190067768e-49
1.395452008072929857e+02 1.391851207419897764e-49
1.399744220215966664e+02 1.390033499821903352e-49
1.404049634593816620e+02 1.388223074851973229e-49
1.408368291814678059e+02 1.386419919122727653e-49
1.412700232611653917e+02 1.384624019404073177e-49
1.417045497843139970e+02 1.382835362622463700e-49
1.421404128493202279e+02 1.381053935861781280e-49
1.425776165671969125e+02 1.379279726363467741e-49
1.430161650616020381e+02 1.377512721526309500e-49
1.434560624688770361e+02 1.375752908907631737e-49
1.438973129380862304e+02 1.374000276223158043e-49
1.443399206310559180e+02 1.372254811347613964e-49
1.447838897224137327e+02 1.370516502315799994e-49
1.452292243996276397e+02 1.368785337322873791e-49
1.456759288630457263e+02 1.367061304724870339e-49
1.461240073259356222e+02 1.365344393040009107e-49
1.465734640145248022e+02 1.363634590949023549e-49
1.470243031680396086e+02 1.361931887296127182e-49
1.474765290387457242e+02 1.360236271090293775e-49
1.479301458919881327e+02 1.358547731505817024e-49
1.483851580062317623e+02 1.356866257883532245e-49
1.488415696731011337e+02 1.355191839731845699e-49
1.492993851974211736e+02 1.353524466728006804e-49
1.497586088972582274e+02 1.351864128718378003e-49
1.502192451039600201e+02 1.350210815721009959e-49
1.506812981621970096e+02 1.348564517925056058e-49
1.511447724300030870e+02 1.346925225692921450e-49
1.516096722788172713e+02 1.345292929560775045e-49
1.520760020935241812e+02 1.343667620239210027e-49
1.525437662724956454e+02 1.342049288614145933e-49
1.530129692276322828e+02 1.340437925747597034e-49
1.534836153844054820e+02 1.338833522877253202e-49
1.539557091818982713e+02 1.337236071417686983e-49
1.544292550728479512e+02 1.335645562959449054e-49
1.549042575236875052e+02 1.334061989269326498e-49
1.553807210145885449e+02 1.332485342289372930e-49
1.558586500395025496e+02 1.330915614136853991e-49
1.563380491062038686e+02 1.329352797102401028e-49
1.568189227363325529e+02 1.327796883649476118e-49
1.573012754654359924e+02 1.326247866412632668e-49
1.577851118430125439e+02 1.324705738195903064e-49
1.582704364325539927e+02 1.323170491970977997e-49
1.587572538115892371e+02 1.321642120875498016e-49
1.592455685717265510e+02 1.320120618210632540e-49
1.597353853186975243e+02 1.318605977439048186e-49
1.602267086724000933e+02 1.317098192182866652e-49
1.607195432669428499e+02 1.315597256221344948e-49
1.612138937506877880e+02 1.314103163488784856e-49
1.617097647862947554e+02 1.312615908072303747e-49
1.622071610507651087e+02 1.311135484209993203e-49
1.627060872354865069e+02 1.309661886289005466e-49
1.632065480462761116e+02 1.308195108843521962e-49
1.637085482034255506e+02 1.306735146553712963e-49
1.642120924417459094e+02 1.305281994243550186e-49
1.647171855106113298e+02 1.303835646872704422e-49
1.652238321740045137e+02 1.302396099589062664e-49
1.657320372105614297e+02 1.300963347592847110e-49
1.662418054136168450e+02 1.299537386300994449e-49
1.667531415912486921e+02 1.298118211244154784e-49
1.672660505663240258e+02 1.296705818094905620e-49
1.677805371765441862e+02 1.295300202666249095e-49
1.682966062744910687e+02 1.293901360911459863e-49
1.688142627276720305e+02 1.292509288924154599e-49
1.693335114185661894e+02 1.291123982938620168e-49
1.698543572446704673e+02 1.289745439330539277e-49
1.703768051185462014e+02 1.288373654617125688e-49
1.709008599678645623e+02 1.287008625457951476e-49
1.714265267354535069e+02 1.285650348655507835e-49
1.719538103793451285e+02 1.284298821156134883e-49
1.724827158728209895e+02 1.282954040050689205e-49
1.730132482044600124e+02 1.281616002575467767e-49
1.735454123781851479e+02 1.280284706113282245e-49
1.740792134133111517e+02 1.278960148194262353e-49
1.746146563445909976e+02 1.277642326497158823e-49
1.751517462222639949e+02 1.276331238850190978e-49
1.756904881121031679e+02 1.275026883232579509e-49
1.762308870954635722e+02 1.273729257775372400e-49
1.767729482693293050e+02 1.272438360762811905e-49
1.773166767463621909e+02 1.271154190633737998e-49
1.778620776549498714e+02 1.269876745982519887e-49
1.784091561392544634e+02 1.268606025560362793e-49
1.789579173592604207e+02 1.267342028276482362e-49
1.795083664908235335e+02 1.266084753199153927e-49
1.800605087257203252e+02 1.264834199556521336e-49
1.806143492716959997e+02 1.263590366737462005e-49
1.811698933525140660e+02 1.262353254292536848e-49
1.817271462080056779e+02 1.261122861934033771e-49
1.822861130941192300e+02 1.259899189536691803e-49
1.828467992829692719e+02 1.258682237137369318e-49
1.834092100628868138e+02 1.257472004935511792e-49
1.839733507384688096e+02 1.256268493292503060e-49
1.845392266306288889e+02 1.255071702731268787e-49
1.851068430766465269e+02 1.253881633935628676e-49
1.856762054302182889e+02 1.252698287749629879e-49
1.862473190615074827e+02 1.251521665176468874e-49
1.868201893571959999e+02 1.250351767377328445e-49
1.873948217205337698e+02 1.249188595670812506e-49
1.879712215713904016e+02 1.248032151531001219e-49
1.885493943463067978e+02 1.246882436586954376e-49
1.891293454985452911e+02 1.245739452621274151e-49
1.897110804981419960e+02 1.244603201568971138e-49
1.902946048319576278e+02 1.243473685516950069e-49
1.908799240037305651e+02 1.242350906702618149e-49
1.914670435341272139e+02 1.241234867514310072e-49
1.920559689607947860e+02 1.240125570493452065e-49
1.926467058384136806e+02 1.239023018398330320e-49
1.932392597387499222e+02 1.237927214061737052e-49
1.938336362507072010e+02 1.236838159967494386e-49
1.944298409803798506e+02 1.235755859905084192e-49
1.950278795511056273e+02 1.234680316925089787e-49
1.956277576035196262e+02 1.233611534447760547e-49
1.962294807956059515e+02 1.232549516049104877e-49
1.968330548027519171e+02 1.231494265455910540e-49
1.974384853178020762e+02 1.230445786545814169e-49
1.980457780511108865e+02 1.229404083347474842e-49
1.986549387305971663e+02 1.228369160041705010e-49
1.992659731017976696e+02 1.227341020961984009e-49
1.998788869279225651e+02 1.226319670595689643e-49
2.004936859899078740e+02 1.225305113584957338e-49
2.011103760864712910e+02 1.224297354727710983e-49
2.017289630341663269e+02 1.223296398979021936e-49
2.023494526674380722e+02 1.222302251452119349e-49
2.029718508386768008e+02 1.221314917419662770e-49
2.035961634182742728e+02 1.220334402315036002e-49
2.042223962946783615e+02 1.219360711733706116e-49
2.048505553744496410e+02 1.218393851434527375e-49
2.054806465823158703e+02 1.217433827340884317e-49
2.061126758612284107e+02 1.216480645542139634e-49
2.067466491724188700e+02 1.215534312294726357e-49
2.073825724954541556e+02 1.214594834023508944e-49
2.080204518282937727e+02 1.213662217322407338e-49
2.086602931873456725e+02 1.212736468955723488e-49
2.093021026075242901e+02 1.211817595858527827e-49
2.099458861423058522e+02 1.210905605137726377e-49
2.105916498637863299e+02 1.210000504071933893e-49
2.112393998627386509e+02 1.209102300112223062e-49
2.118891422486704528e+02 1.208211000882009986e-49
2.125408831498808695e+02 1.207326614177050193e-49
2.131946287135191085e+02 1.206449147965229545e-49
2.138503851056416920e+02 1.205578610386323244e-49
2.145081585112718301e+02 1.204715009751548395e-49
2.151679551344563208e+02 1.203858354543082966e-49
2.158297811983247527e+02 1.203008653413795728e-49
2.164936429451487925e+02 1.202165915186475032e-49
2.171595466363998810e+02 1.201330148852780872e-49
2.178274985528088905e+02 1.200501363577719012e-49
2.184975049944252703e+02 1.199679568688037018e-49
2.191695722806771869e+02 1.198864773684922111e-49
2.198437067504296749e+02 1.198056988236733075e-49
2.205199147620456017e+02 1.197256222180348810e-49
2.211982026934448697e+02 1.196462485521777384e-49
2.218785769421658358e+02 1.195675788436575164e-49
2.225610439254238315e+02 1.194896141269790412e-49
2.232456100801731509e+02 1.194123554536829094e-49
2.239322818631667928e+02 1.193358038924111781e-49
2.246210657510185627e+02 1.192599605290010290e-49
2.253119682402627575e+02 1.191848264665383428e-49
2.260049958474160690e+02 1.191104028254690061e-49
2.267001551090397129e+02 1.190366907437102752e-49
2.273974525817999108e+02 1.189636913767481440e-49
2.280968948425302756e+02 1.188914058977783719e-49
2.287984884882936854e+02 1.188198354977803213e-49
2.295022401364454083e+02 1.187489813857245123e-49
2.302081564246939536e+02 1.186788447886283417e-49
2.309162440111647925e+02 1.186094269517455774e-49
2.316265095744624887e+02 1.185407291386909019e-49
2.323389598137348742e+02 1.184727526315901323e-49
2.330536014487347529e+02 1.184054987311920778e-49
2.337704412198839918e+02 1.183389687570650226e-49
2.344894858883368727e+02 1.182731640476679230e-49
2.352107422360448084e+02 1.182080859605119274e-49
2.359342170658187570e+02 1.181437358722663846e-49
2.366599172013941086e+02 1.180801151788685747e-49
2.373878494874959983e+02 1.180172252955909000e-49
2.381180207899019194e+02 1.179550676571645166e-49
2.388504379955080879e+02 1.178936437177948130e-49
2.395851080123934764e+02 1.178329549512251817e-49
2.403220377698860091e+02 1.177730028507793696e-49
2.410612342186263959e+02 1.177137889293878949e-49
2.418027043306351516e+02 1.176553147195837359e-49
2.425464550993771695e+02 1.175975817735328687e-49
2.432924935398289108e+02 1.175405916630326912e-49
2.440408266885436035e+02 1.174843459795177390e-49
2.447914616037176927e+02 1.174288463340699981e-49
2.455444053652576031e+02 1.173740943574212784e-49
2.462996650748472689e+02 1.173200917000065410e-49
2.470572478560136744e+02 1.172668400319687978e-49
2.478171608541948103e+02 1.172143410431970368e-49
2.485794112368074877e+02 1.171625964434121572e-49
2.493440061933140726e+02 1.171116079621962725e-49
2.501109529352908112e+02 1.170613773490838300e-49
2.508802586964953889e+02 1.170119063736582187e-49
2.516519307329363926e+02 1.169631968256320830e-49
2.524259763229400448e+02 1.169152505149553060e-49
2.532024027672199225e+02 1.168680692719415666e-49
2.539812173889452822e+02 1.168216549473802163e-49
2.547624275338112056e+02 1.167760094126729963e-49
2.555460405701063280e+02 1.167311345599743251e-49
2.563320638887832956e+02 1.166870323023200204e-49
2.571205049035282286e+02 1.166437045737969277e-49
2.579113710508310646e+02 1.166011533296809673e-49
2.587046697900549361e+02 1.165593805466113776e-49
2.595004086035067417e+02 1.165183882227246407e-49
2.602985949965085410e+02 1.164781783778521422e-49
2.610992364974674160e+02 1.164387530536445061e-49
2.619023406579463540e+02 1.164001143137387168e-49
2.627079150527360412e+02 1.163622642439083011e-49
2.635159672799268833e+02 1.163252049522068439e-49
2.643265049609790367e+02 1.162889385690772256e-49
2.651395357407955089e+02 1.162534672474922513e-49
2.659550672877936677e+02 1.162187931630400349e-49
2.667731072939786827e+02 1.161849185140413263e-49
2.675936634750143526e+02 1.161518455216052125e-49
2.684167435702971147e+02 1.161195764297254407e-49
2.692423553430283505e+02 1.160881135053560408e-49
2.700705065802887930e+02 1.160574590383298535e-49
2.709012050931103772e+02 1.160276153417019283e-49
2.717344587165504777e+02 1.159985847515202999e-49
2.725702753097670552e+02 1.159703696270480142e-49
2.734086627560907345e+02 1.159429723507707243e-49
2.742496289631004061e+02 1.159163953284786754e-49
2.750931818626974064e+02 1.158906409893725994e-49
2.759393294111812338e+02 1.158657117861333175e-49
2.767880795893229333e+02 1.158416101950609638e-49
2.776394404024416644e+02 1.158183387191165113e-49
2.784934198804794505e+02 1.157958998729609154e-49
2.793500260780782014e+02 1.157742962132526414e-49
2.802092670746537806e+02 1.157535303091908562e-49
2.810711509744735963e+02 1.157336047567580578e-49
2.819356859067322603e+02 1.157145221764735001e-49
2.828028800256295767e+02 1.156962852134584656e-49
2.836727415104456327e+02 1.156788965375816235e-49
2.845452785656186734e+02 1.156623588436575439e-49
2.854204994208236599e+02 1.156466748516309878e-49
2.862984123310480413e+02 1.156318473067593931e-49
2.871790255766704831e+02 1.156178789798048558e-49
2.880623474635388561e+02 1.156047726672401459e-49
2.889483863230494762e+02 1.155925311914339281e-49
2.898371505122238432e+02 1.155811574008118442e-49
2.907286484137889033e+02 1.155706541700963336e-49
2.916228884362552662e+02 1.155610244004235995e-49
2.925198790139980360e+02 1.155522710195456366e-49
2.934196286073340616e+02 1.155443969819659038e-49
2.943221457026034500e+02 1.155374052691066741e-49
2.952274388122485789e+02 1.155312988894274063e-49
2.961355164748960647e+02 1.155260808785600000e-49
2.970463872554350360e+02 1.155217542994525581e-49
2.979600597450989881e+02 1.155183222424607159e-49
2.988765425615478648e+02 1.155157878255093308e-49
2.997958443489472984e+02 1.155141541941884642e-49
3.007179737780514301e+02 1.155134245219209017e-49
3.016429395462842535e+02 1.155136020100624457e-49
3.025707503778224918e+02 1.155146898880993474e-49
3.035014150236764863e+02 1.155166914137868653e-49
3.044349422617736991e+02 1.155196098733303847e-49
3.053713408970407954e+02 1.155234485815682067e-49
3.063106197614883399e+02 1.155282108821905351e-49
3.072527877142916850e+02 1.155339001479312870e-49
3.081978536418762360e+02 1.155405197808054061e-49
3.091458264580004993e+02 1.155480732123329958e-49
3.100967151038412339e+02 1.155565639037853685e-49
3.110505285480761017e+02 1.155659953464742807e-49
3.120072757869692168e+02 1.155763710619677290e-49
3.129669658444568086e+02 1.155876946023899535e-49
3.139296077722304972e+02 1.155999695507358735e-49
3.148952106498239232e+02 1.156131995210981649e-49
3.158637835846978419e+02 1.156273881590377012e-49
3.168353357123270939e+02 1.156425391418137069e-49
3.178098761962851881e+02 1.156586561787434879e-49
3.187874142283314995e+02 1.156757430114864815e-49
3.197679590284979554e+02 1.156938034143367584e-49
3.207515198451766878e+02 1.157128411945435735e-49
3.217381059552058105e+02 1.157328601926108946e-49
3.227277266639578670e+02 1.157538642825917266e-49
3.237203913054270856e+02 1.157758573724219380e-49
3.247161092423188506e+02 1.157988434042177568e-49
3.257148898661357066e+02 1.158228263546162058e-49
3.267167425972672277e+02 1.158478102351090425e-49
3.277216768850798303e+02 1.158737990924064967e-49
3.287297022080037436e+02 1.159007970088325893e-49
3.297408280736239021e+02 1.159288081027074057e-49
3.307550640187687350e+02 1.159578365288188350e-49
3.317724196096018545e+02 1.159878864788683300e-49
3.327929044417098794e+02 1.160189621819730143e-49
3.338165281401943503e+02 1.160510679052300793e-49
3.348433003597620541e+02 1.160842079542495805e-49
3.358732307848172809e+02 1.161183866738161843e-49
3.369063291295510680e+02 1.161536084485170141e-49
3.379426051380344234e+02 1.161898777034607693e-49
3.389820685843091042e+02 1.162271989050199172e-49
3.400247292724818635e+02 1.162655765616645945e-49
3.410705970368140925e+02 1.163050152248064399e-49
3.421196817418161800e+02 1.163455194897148027e-49
3.431719932823413046e+02 1.163870939965095420e-49
3.442275415836768389e+02 1.164297434312372170e-49
3.452863366016392206e+02 1.164734725269691919e-49
3.463483883226671196e+02 1.165182860650426499e-49
3.474137067639173324e+02 1.165641888763394561e-49
3.484823019733568685e+02 1.166111858426986044e-49
3.495541840298592433e+02 1.166592818984259557e-49
3.506293630432986106e+02 1.167084820319470364e-49
3.517078491546468513e+02 1.167587912875637942e-49
3.527896525360670807e+02 1.168102147674380518e-49
3.538747833910107943e+02 1.168627576337208116e-49
3.549632519543134208e+02 1.169164251109000539e-49
3.560550684922924916e+02 1.169712224883991230e-49
3.571502433028421706e+02 1.170271551234689064e-49
3.582487867155314234e+02 1.170842284443701602e-49
3.593507090917026403e+02 1.171424479539116337e-49
3.604560208245671333e+02 1.172018192334057518e-49
3.615647323393046122e+02 1.172623479470807691e-49
3.626768540931607276e+02 1.173240398469973841e-49
3.637923965755473432e+02 1.173869007785464648e-49
3.649113703081391122e+02 1.174509366866983094e-49
3.660337858449742612e+02 1.175161536229106339e-49
3.671596537725532130e+02 1.175825577530280676e-49
3.682889847099403369e+02 1.176501553661569390e-49
3.694217893088615483e+02 1.177189528847408517e-49
3.705580782538060021e+02 1.177889568759858844e-49
3.716978622621268755e+02 1.178601740649146794e-49
3.728411520841434594e+02 1.179326113493565830e-49
3.739879585032401792e+02 1.180062758168065514e-49
3.751382923359696520e+02 1.180811747642904473e-49
3.762921644321560279e+02 1.181573157209386074e-49
3.774495856749945801e+02 1.182347064741869044e-49
3.786105669811561825e+02 1.183133551001327297e-49
3.797751193008896848e+02 1.183932699995366589e-49
3.809432536181261639e+02 1.184744599388455082e-49
3.821149809505807866e+02 1.185569340993798499e-49
3.832903123498578566e+02 1.186407021349593463e-49
3.844692589015545536e+02 1.187257742402704200e-49
3.856518317253671171e+02 1.188121612322265000e-49
3.868380419751928798e+02 1.188998746472701492e-49
3.880279008392375317e+02 1.189889268583530465e-49
3.892214195401197685e+02 1.190793312161347561e-49
3.904186093349785551e+02 1.191711022206070435e-49
3.916194815155770925e+02 1.192642557306119066e-49
3.928240474084104221e+02 1.193588092214123639e-49
3.940323183748134284e+02 1.194547821032502744e-49
3.952443058110656580e+02 1.195521961181055125e-49
3.964600211485004593e+02 1.196510758374550920e-49
3.976794758536118479e+02 1.197514492916287801e-49
3.989026814281643851e+02 1.198533487722936379e-49
4.001296494092993612e+02 1.199568118648012067e-49
4.013603913696447876e+02 1.200618827892264485e-49
4.025949189174243088e+02 1.201686141605157501e-49
4.038332436965678198e+02 1.202770693249966512e-49
4.050753773868191843e+02 1.203873255000308022e-49
4.063213317038479886e+02 1.204994780496202476e-49
4.075711183993589657e+02 1.206136463923309378e-49
4.088247492612047154e+02 1.207299822966960683e-49
4.100822361134943890e+02 1.208486817369518181e-49
4.113435908167064099e+02 1.209700021732540760e-49
4.126088252678015920e+02 1.210942882974164268e-49
4.138779514003329041e+02 1.212220113497870740e-49
4.151509811845596118e+02 1.213538308636651751e-49
4.164279266275592022e+02 1.214906947798644214e-49
4.177087997733427756e+02 1.216340078775590770e-49
4.189936127029657769e+02 1.217859276199569227e-49
4.202823775346436150e+02 1.219499110221402226e-49
4.215751064238651225e+02 1.221317896637394613e-49
4.228718115635089703e+02 1.223420490354082781e-49
4.241725051839563321e+02 1.226011464137806333e-49
4.254771995532074129e+02 1.229535729463974454e-49
4.267859069769969551e+02 1.235120350688618037e-49
4.280986397989112788e+02 1.246368439920876493e-49
4.294154104005029353e+02 1.280645007350631625e-49
4.307362312014080885e+02 1.573845460903392049e-49
4.320611146594653746e+02 2.380311148722508705e-49
4.333900732708305554e+02 1.307529200022059310e-49
4.347231195700964008e+02 1.256983538624756551e-49
4.360602661304096728e+02 1.245483694338897491e-49
4.374015255635919175e+02 1.241858754187154708e-49
4.387469105202551987e+02 1.240826585407347267e-49
4.400964336899236855e+02 1.240896486158386168e-49
4.414501078011524555e+02 1.241517431210954465e-49
4.428079456216488552e+02 1.242447771052205042e-49
4.441699599583905638e+02 1.243568133798476258e-49
4.455361636577484887e+02 1.244814126071183181e-49
4.469065696056063075e+02 1.246148575210283046e-49
4.482811907274842156e+02 1.247548836308539710e-49
4.496600399886584682e+02 1.249000499146020668e-49
4.510431303942845034e+02 1.250494057741909829e-49
4.524304749895208602e+02 1.252023050270154619e-49
4.538220868596500850e+02 1.253582972093790409e-49
4.552179791302035028e+02 1.255170615591592290e-49
4.566181649670843967e+02 1.256783655615301493e-49
4.580226575766937458e+02 1.258420381510229894e-49
4.594314702060521540e+02 1.260079519389928584e-49
4.608446161429266681e+02 1.261760111561482691e-49
4.622621087159552644e+02 1.263461433048364306e-49
4.636839612947740648e+02 1.265182932731730410e-49
4.651101872901411980e+02 1.266924191161783642e-49
4.665408001540646410e+02 1.268684889861052014e-49
4.679758133799284110e+02 1.270464788682719238e-49
4.694152405026216002e+02 1.272263708900576800e-49
4.708590950986633743e+02 1.274081520433860499e-49
4.723073907863324621e+02 1.275918132094224435e-49
4.737601412257966444e+02 1.277773484067515673e-49
4.752173601192391743e+02 1.279647542067350897e-49
4.766790612109897438e+02 1.281540292753224096e-49
4.781452582876531210e+02 1.283451740115061549e-49
4.796159651782411402e+02 1.285381902607944702e-49
4.810911957543003723e+02 1.287330810877570546e-49
4.825709639300445701e+02 1.289298505966133982e-49
4.840552836624854649e+02 1.291285037933203711e-49
4.855441689515656662e+02 1.293290464880256049e-49
4.870376338402884926e+02 1.295314852469154112e-49
4.885356924148517805e+02 1.297358274270813290e-49
4.900383588047801595e+02 1.299420814051066805e-49
4.915456471830600549e+02 1.301502574157088089e-49
4.930575717662706552e+02 1.303603710958580043e-49
4.945741468147191995e+02 1.305724686790043498e-49
4.960953866325769468e+02 1.307484788639730647e-49
4.976213055680116781e+02 1.310020487936483768e-49
4.991519180133243481e+02 1.312199996242377275e-49
5.006872384050839173e+02 1.314398707933358677e-49
5.022272812242659370e+02 1.316617091856313914e-49
5.037720609963857328e+02 1.318855321296734649e-49
5.053215922916380123e+02 1.321113521571798497e-49
5.068758897250319251e+02 1.323391805419754449e-49
5.084349679565324891e+02 1.325690281790318233e-49
5.099988416911952527e+02 1.328009058724534250e-49
5.115675256793064705e+02 1.330348244468211411e-49
5.131410347165219719e+02 1.332707947947846882e-49
5.147193836440085306e+02 1.335088278985319541e-49
5.163025873485803459e+02 1.337489348395184224e-49
5.178906607628416623e+02 1.339911268026154632e-49
5.194836188653287081e+02 1.342354150774775998e-49
5.210814766806481657e+02 1.344818110585085148e-49
5.226842492796205306e+02 1.347303262441922579e-49
5.242919517794216517e+02 1.349809722360639077e-49
5.259045993437272273e+02 1.352337607376138781e-49
5.275222071828526396e+02 1.354887035531765188e-49
5.291447905538985879e+02 1.357458125869430704e-49
5.307723647608938791e+02 1.360050998419906284e-49
5.324049451549421974e+02 1.362665774194688667e-49
5.340425471343629624e+02 1.365302575178947074e-49
5.356851861448394629e+02 1.367961524325401218e-49
5.373328776795632393e+02 1.370642745549138439e-49
5.389856372793822175e+02 1.373346363723407543e-49
5.406434805329440678e+02 1.376072504676421839e-49
5.423064230768449079e+02 1.378821295188675688e-49
5.439744805957786866e+02 1.381592862990967335e-49
5.456476688226815668e+02 1.384387336763335030e-49
5.473260035388818778e+02 1.387204846134492418e-49
5.490095005742496141e+02 1.390045521681593050e-49
5.506981758073459332e+02 1.392909494931129993e-49
5.523920451655711759e+02 1.395796898359727189e-49
5.540911246253161835e+02 1.398707865396030597e-49
5.557954302121125920e+02 1.401642530422410553e-49
5.575049780007858544e+02 1.404601028777806645e-49
5.592197841156038294e+02 1.407583496760148703e-49
5.609398647304307133e+02 1.410590071629786975e-49
5.626652360688785848e+02 1.413620891612764114e-49
5.643959144044629284e+02 1.416676095904629925e-49
5.661319160607525873e+02 1.419755824674348601e-49
5.678732574115250600e+02 1.422860219068098090e-49
5.696199548809232738e+02 1.425989421213903364e-49
5.713720249436065615e+02 1.429143574225742298e-49
5.731294841249089131e+02 1.432322822208198125e-49
5.748923490009927946e+02 1.435527310261096874e-49
5.766606361990087635e+02 1.438757184484588265e-49
5.784343623972482646e+02 1.442012591984104480e-49
5.802135443253031326e+02 1.445293680875741301e-49
5.819981987642227068e+02 1.448600600291519230e-49
5.837883425466743574e+02 1.451933500385261049e-49
5.855839925570982132e+02 1.455292532338399691e-49
5.873851657318695061e+02 1.458677848365539606e-49
5.891918790594563689e+02 1.462089601721023325e-49
5.910041495805830891e+02 1.465527946704814530e-49
5.928219943883869973e+02 1.468993038668696770e-49
5.946454306285814937e+02 1.472485034022706126e-49
5.964744754996194160e+02 1.476004090241431343e-49
5.983091462528519742e+02 1.479550365870373571e-49
6.001494601926934820e+02 1.483124020532254657e-49
6.019954346767838160e+02 1.486725214933758614e-49
6.038470871161540572e+02 1.490354110872128197e-49
6.057044349753875849e+02 1.494010871241868198e-49
6.075674957727868559e+02 1.497695660041533262e-49
6.094362870805372268e+02 1.501408642380828293e-49
6.113108265248760063e+02 1.505149984487653590e-49
6.131911317862538908e+02 1.508919853715512538e-49
6.150772205995052673e+02 1.512718418550515151e-49
6.169691107540132862e+02 1.516545848618939777e-49
6.188668200938809605e+02 1.520402314694898678e-49
6.207703665180949884e+02 1.524287988707504336e-49
6.226797679806970791e+02 1.528203043748638726e-49
6.245950424909548246e+02 1.532147654080121140e-49
6.265162081135280232e+02 1.536121995142248121e-49
6.284432829686409150e+02 1.540126243560229180e-49
6.303762852322530534e+02 1.544160577152815987e-49
6.323152331362321092e+02 1.548225174939782410e-49
6.342601449685225816e+02 1.552320217149843248e-49
6.362110390733207623e+02 1.556445885228874355e-49
6.381679338512462891e+02 1.560602361847846567e-49
6.401308477595187014e+02 1.564789830911419759e-49
6.420997993121272884e+02 1.569008477566104286e-49
6.440748070800082132e+02 1.573258488208592207e-49
6.460558896912186810e+02 1.577540050494700965e-49
6.480430658311150864e+02 1.581853353347525526e-49
6.500363542425254764e+02 1.586198586966338385e-49
6.520357737259280384e+02 1.590575942835149246e-49
6.540413431396306123e+02 1.594985613731329283e-49
6.560530813999444035e+02 1.599427793734337941e-49
6.580710074813653137e+02 1.603902678234971241e-49
6.600951404167514056e+02 1.608410463943743899e-49
6.621254992975051437e+02 1.612951348900366092e-49
6.641621032737491532e+02 1.617525532482735758e-49
6.662049715545101662e+02 1.622133215416707068e-49
6.682541234078983052e+02 1.626774599785053866e-49
6.703095781612917108e+02 1.631449889037190464e-49
6.723713552015146888e+02 1.636159287999178647e-49
6.744394739750233612e+02 1.640903002883083464e-49
6.765139539880879056e+02 1.645681241297115824e-49
6.785948148069787749e+02 1.650494212255437618e-49
6.806820760581475724e+02 1.655342126188187142e-49
6.827757574284141810e+02 1.660225194951751970e-49
6.848758786651541186e+02 1.665143631838546918e-49
6.869824595764812329e+02 1.670097651587964339e-49
6.890955200314371041e+02 1.675087470396713650e-49
6.912150799601764675e+02 1.680113305929504039e-49
6.933411593541588900e+02 1.685175377330060654e-49
6.954737782663326016e+02 1.690273905232493833e-49
6.976129568113265123e+02 1.695409111772393727e-49
6.997587151656389324e+02 1.700581220598683808e-49
7.019110735678297033e+02 1.705790456885288832e-49
7.040700523187081217e+02 1.711037047343119003e-49
7.062356717815258662e+02 1.716321220232336162e-49
7.084079523821691282e+02 1.721643205375014604e-49
7.105869146093529025e+02 1.727003234167532224e-49
7.127725790148105034e+02 1.732401539594145763e-49
7.149649662134895607e+02 1.737838356240204077e-49
7.171640968837483570e+02 1.743313920306377058e-49
7.193699917675469351e+02 1.748828469623130678e-49
7.215826716706451407e+02 1.754382243665646423e-49
7.238021574627977088e+02 1.759975483570174179e-49
7.260284700779541254e+02 1.765608432149729928e-49
7.282616305144513262e+02 1.771281333911853599e-49
7.305016598352150368e+02 1.776994435076794975e-49
7.327485791679566773e+02 1.782747983596543574e-49
7.350024097053758396e+02 1.788542229175254377e-49
7.372631727053554869e+02 1.794377423290688055e-49
7.395308894911661355e+02 1.800253819218126508e-49
7.418055814516636701e+02 1.806171672055148703e-49
7.440872700414963674e+02 1.812131238749714761e-49
7.463759767813018016e+02 1.818132778129792132e-49
7.486717232579109123e+02 1.824176550937832480e-49
7.509745311245558241e+02 1.830262819866664929e-49
7.532844221010687988e+02 1.836391849602547829e-49
7.556014179740888039e+02 1.842563906871502569e-49
7.579255405972681956e+02 1.848779260493258273e-49
7.602568118914788329e+02 1.855038181442889056e-49
7.625952538450172824e+02 1.861340942922214233e-49
7.649408885138126379e+02 1.867687820442396464e-49
7.672937380216342262e+02 1.874079091922847967e-49
7.696538245603039741e+02 1.880515037806979214e-49
7.720211703898997939e+02 1.886995941201956591e-49
7.743957978389693153e+02 1.893522088047482699e-49
7.767777293047387275e+02 1.900093767321519351e-49
7.791669872533275338e+02 1.906711271292936516e-49
7.815635942199550072e+02 1.913374895836792522e-49
7.839675728091565361e+02 1.920084940827719470e-49
7.863789456949970145e+02 1.926841710639188418e-49
7.887977356212816176e+02 1.933645514782050602e-49
7.912239654017733983e+02 1.940496668730474835e-49
7.936576579204061090e+02 1.947395495001642177e-49
7.960988361315038446e+02 1.954342324586277908e-49
7.985475230599921588e+02 1.961337498867303908e-49
8.010037418016195261e+02 1.968381372229793077e-49
8.034675155231718691e+02 1.975474315665043211e-49
8.059388674626962938e+02 1.982616721832062149e-49
8.084178209297139119e+02 1.989809012293740383e-49
8.109043993054430075e+02 1.997051648072971544e-49
8.133986260430189077e+02 2.004345145401871548e-49
8.159005246677180594e+02 2.011690099814089187e-49
8.184101187771743753e+02 2.019087224064333438e-49
8.209274320416051296e+02 2.026537409783138519e-49
8.234524882040358307e+02 2.034041831555942843e-49
8.259853110805203187e+02 2.041602130498379750e-49
8.285259245603675708e+02 2.049220755342846514e-49
8.310743526063658919e+02 2.056901637259378092e-49
8.336306192550123342e+02 2.064651632462618756e-49
8.361947486167342731e+02 2.072483924298792228e-49
8.387667648761203054e+02 2.080427152240837643e-49
8.413466922921462583e+02 2.088554708371799640e-49
8.439345551984077929e+02 2.097107772062740974e-49
8.465303780033449357e+02 2.107321413875063112e-49
8.491341851904750229e+02 2.140250661585526792e-49
8.517460013186229162e+02 2.159253827638753919e-49
8.543658510221548568e+02 2.131757448512263374e-49
8.569937590112065209e+02 2.137449818456646838e-49
8.596297500719190339e+02 2.145029328952719740e-49
8.622738490666739608e+02 2.153060908768304129e-49
8.649260809343238634e+02 2.161283075912509273e-49
8.675864706904307013e+02 2.169619712504646858e-49
8.702550434274990039e+02 2.178042333294277542e-49
8.729318243152179093e+02 2.186538481069414628e-49
8.756168386006917217e+02 2.195102127802157271e-49
8.783101116086825186e+02 2.203730167703663752e-49
8.810116687418467336e+02 2.212420954332913629e-49
8.837215354809781047e+02 2.221173625916876592e-49
8.864397373852433475e+02 2.229987768623794644e-49
8.891663000924262406e+02 2.238863237421317257e-49
8.919012493191683006e+02 2.247800055602926714e-49
8.946446108612138914e+02 2.256798355876406110e-49
8.973964105936488522e+02 2.265858344487218493e-49
9.001566744711473120e+02 2.274980278644831923e-49
9.029254285282190722e+02 2.284164451905642430e-49
9.057026988794492581e+02 2.293411184470886789e-49
9.084885117197489990e+02 2.302720816600828189e-49
9.112828933246001952e+02 2.312093704056437798e-49
9.140858700503072214e+02 2.321530214887809541e-49
9.168974683342399885e+02 2.331030727136468952e-49
9.197177146950865563e+02 2.340595627168132657e-49
9.225466357331024483e+02 2.350225308447047075e-49
9.253842581303639463e+02 2.359920170626708424e-49
9.282306086510153591e+02 2.369680618866463669e-49
9.310857141415241358e+02 2.379507063315337163e-49
9.339496015309327959e+02 2.389399918718591664e-49
9.368222978311167708e+02 2.399359604116461707e-49
9.397038301370336058e+02 2.409386542612800546e-49
9.425942256269801192e+02 2.419481161196145297e-49
9.454935115628542235e+02 2.429643890602084764e-49
9.484017152904024215e+02 2.439875165207645930e-49
9.513188642394860608e+02 2.450175422949962529e-49
9.542449859243344008e+02 2.460545105265309694e-49
9.571801079438099578e+02 2.470984657043320132e-49
9.601242579816627085e+02 2.481494526594366469e-49
9.630774638067948672e+02 2.492075165628069360e-49
9.660397532735202049e+02 2.502727029240350856e-49
9.690111543218321231e+02 2.513450575910438356e-49
9.719916949776604724e+02 2.524246267508893305e-49
9.749814033531388304e+02 2.535114569321047014e-49
9.779803076468704148e+02 2.546055950103304436e-49
9.809884361441950205e+02 2.557070882228492824e-49
9.840058172174511810e+02 2.568159842137456500e-49
9.870324793262476533e+02 2.579323312357632621e-49
9.900684510177328548e+02 2.590561800906807833e-49
9.931137609268602091e+02 2.601875482179071078e-49
9.961684377766601983e+02 2.613265486061095932e-49
9.992325103785107103e+02 2.624731834867164258e-49
1.002306007632412388e+03 2.636275123022926929e-49
1.005388958527255227e+03 2.647895857022285795e-49
1.008481392141095625e+03 2.659594541594479941e-49
1.011583337641429239e+03 2.671371683924783883e-49
1.014694824285469622e+03 2.683227794428525484e-49
1.017815881420418577e+03 2.695163386983442496e-49
1.020946538483746394e+03 2.707178979027946490e-49
1.024086825003467993e+03 2.719275091618063602e-49
1.027236770598425665e+03 2.731452249466304066e-49
1.030396404978561122e+03 2.743710980976160755e-49
1.033565757945200630e+03 2.756051818272445236e-49
1.036744859391337513e+03 2.768475297230196842e-49
1.039933739301909100e+03 2.780981957504427724e-49
1.043132427754082755e+03 2.793572342557907641e-49
1.046340954917538284e+03 2.806246999690888129e-49
1.049559351054755098e+03 2.819006480070067780e-49
1.052787646521294619e+03 2.831851338758019763e-49
1.056025871766086766e+03 2.844782134743451163e-49
1.059274057331718495e+03 2.857799430970945379e-49
1.062532233854723245e+03 2.870903794373087904e-49
1.065800432065865834e+03 2.884095795900533476e-49
1.069078682790435096e+03 2.897376010554671207e-49
1.072367016948534001e+03 2.910745017420194001e-49
1.075665465555372748e+03 2.924203399697888272e-49
1.078974059721558433e+03 2.937751744739081959e-49
1.082292830653389046e+03 2.951390644080606452e-49
1.085621809653152241e+03 2.965120693480080221e-49
1.088961028119413868e+03 2.978942492953561779e-49
1.092310517547318113e+03 2.992856646812683431e-49
1.095670309528882854e+03 3.006863763705102013e-49
1.099040435753302063e+03 3.020964456654570564e-49
1.102420928007237080e+03 3.035159343104806716e-49
1.105811818175122653e+03 3.049449044963881049e-49
1.109213138239463660e+03 3.063834188653225618e-49
1.112624920281142067e+03 3.078315405157682810e-49
1.116047196479713193e+03 3.092893330081547428e-49
1.119479999113712665e+03 3.107568603708129347e-49
1.122923360560959054e+03 3.122341871062474396e-49
1.126377313298864692e+03 3.137213781990993054e-49
1.129841889904733989e+03 3.152184991236486065e-49
1.133317123056074024e+03 3.167256158535149265e-49
1.136803045530907639e+03 3.182427948723546084e-49
1.140299690208073571e+03 3.197701031865760420e-49
1.143807090067543868e+03 3.213076083404476055e-49
1.147325278190729705e+03 3.228553784342982006e-49
1.150854287760799934e+03 3.244134821471331874e-49
1.154394152062987132e+03 3.259819887646817092e-49
1.157944904484905464e+03 3.275609682151536578e-49
1.161506578516862874e+03 3.291504911154836966e-49
1.165079207752182811e+03 3.307506288320979940e-49
1.168662825887513463e+03 3.323614535621911562e-49
1.172257466723149946e+03 3.339830384444818831e-49
1.175863164163351939e+03 3.356154577127381056e-49
1.179479952216666106e+03 3.372587869134119040e-49
1.183107864996242370e+03 3.389131032200971221e-49
1.186746936720156327e+03 3.405784858992970689e-49
1.190397201711738717e+03 3.422550170174632008e-49
1.194058694399889646e+03 3.439427825462430488e-49
1.197731449319408284e+03 3.456418741458998078e-49
1.201415501111317099e+03 3.473523921521050749e-49
1.205110884523194045e+03 3.490744507973938125e-49
1.208817634409490438e+03 3.508081878126045600e-49
1.212535785731867009e+03 3.525537831893365851e-49
1.216265373559520413e+03 3.543114986829396886e-49
1.220006433069518607e+03 3.560817691754164399e-49
1.223758999547125541e+03 3.578654415496118604e-49
1.227523108386139484e+03 3.596645135521501537e-49
1.231298795089222722e+03 3.614850630589153474e-49
1.235086095268242843e+03 3.633548887714648786e-49
1.238885044644600839e+03 3.656031630532922493e-49
1.242695679049571936e+03 3.702597067439979262e-49
1.246518034424646430e+03 3.689390460123578675e-49
1.250352146821861879e+03 3.706958670113683694e-49
1.254198052404148712e+03 3.725475319412797328e-49
1.258055787445667420e+03 3.744273996109839743e-49
1.261925388332156444e+03 3.763248881096297062e-49
1.265806891561268458e+03 3.782371537793764316e-49
1.269700333742918247e+03 3.801632176866525551e-49
1.273605751599626501e+03 3.821027045910335650e-49
1.277523181966871107e+03 3.840554753340476077e-49
1.281452661793427069e+03 3.860214962806915144e-49
1.285394228141718713e+03 3.880007859863478811e-49
1.289347918188169615e+03 3.899933909958227733e-49
1.293313769223554800e+03 3.919993739217152667e-49
1.297291818653347946e+03 3.940188071706714535e-49
1.301282103998075627e+03 3.960517694576434884e-49
1.305284662893677023e+03 3.980983437791568247e-49
1.309299533091849526e+03 4.001586161887399955e-49
1.313326752460411171e+03 4.022326750325421976e-49
1.317366358983653981e+03 4.043206104584087925e-49
1.321418390762709123e+03 4.064225140930329145e-49
1.325482886015897066e+03 4.085384788252854545e-49
1.329559883079093652e+03 4.106685986581373775e-49
1.333649420406088893e+03 4.128129686062305023e-49
1.337751536568955544e+03 4.149716846241235980e-49
1.341866270258405166e+03 4.171448435557609980e-49
1.345993660284156476e+03 4.193325430987382726e-49
1.350133745575300509e+03 4.215348817792074939e-49
1.354286565180673506e+03 4.237519589342657684e-49
1.358452158269215033e+03 4.259838747000437694e-49
1.362630564130343828e+03 4.282307300037558948e-49
1.366821822174330691e+03 4.304926265590712930e-49
1.371025971932663197e+03 4.327696668636384051e-49
1.375243053058423129e+03 4.350619541984157942e-49
1.379473105326658697e+03 4.373695926286280070e-49
1.383716168634763562e+03 4.396926870055578808e-49
1.387972283002847462e+03 4.420313429693215288e-49
1.392241488574116602e+03 4.443856669524850114e-49
1.396523825615250416e+03 4.467557661840349273e-49
1.400819334516788331e+03 4.491417486940065530e-49
1.405128055793499925e+03 4.515437233185329780e-49
1.409450030084774426e+03 4.539617997050965335e-49
1.413785298155000646e+03 4.563960883184079926e-49
1.418133900893956707e+03 4.588467004463040769e-49
1.422495879317188383e+03 4.613137482061346317e-49
1.426871274566398370e+03 4.637973445513912913e-49
1.431260127909841003e+03 4.662976032785851576e-49
1.435662480742699927e+03 4.688146390347089481e-49
1.440078374587488270e+03 4.713485673246689874e-49
1.444507851094432453e+03 4.738995045196060589e-49
1.448950952041875098e+03 4.764675678654250079e-49
1.453407719336657919e+03 4.790528754920210907e-49
1.457878195014524863e+03 4.816555464234343827e-49
1.462362421240512731e+03 4.842757005888617505e-49
1.466860440309357045e+03 4.869134588353258386e-49
1.471372294645881993e+03 4.895689429426801171e-49
1.475898026805405152e+03 4.922422756438781208e-49
1.480437679474137667e+03 4.949335806645509754e-49
1.484991295469590796e+03 4.976429829463909331e-49
1.489558917740972902e+03 5.003706046122363084e-49
1.494140589369597137e+03 5.031165799142307782e-49
1.498736353569293897e+03 5.058810310095180923e-49
1.503346253686808041e+03 5.086640880831790498e-49
1.507970333202214761e+03 5.114658813832997447e-49
1.512608635729326352e+03 5.142865424107636216e-49
1.517261205016109670e+03 5.171262041102362858e-49
1.521928084945088358e+03 5.199850010841810150e-49
1.526609319533765529e+03 5.228630699005563269e-49
1.531304952935033953e+03 5.257605495613982428e-49
1.536015029437598059e+03 5.286775822432962829e-49
1.540739593466384349e+03 5.316143145115350447e-49
1.545478689582965899e+03 5.345708993947692526e-49
1.550232362485978229e+03 5.375475001013529524e-49
1.555000657011549038e+03 5.405442970616610883e-49
1.559783618133710661e+03 5.435615022046674048e-49
1.564581290964829122e+03 5.465993904358309068e-49
1.569393720756034327e+03 5.496583769056690818e-49
1.574220952897637972e+03 5.527392359066582595e-49
1.579063032919566695e+03 5.558438606940433216e-49
1.583920006491789536e+03 5.589788868560104535e-49
1.588791919424755179e+03 5.621872821003029578e-49
1.593678817669812815e+03 5.685636789607939147e-49
1.598580747319653938e+03 5.686515018343293635e-49
1.603497754608742753e+03 5.716824743752258627e-49
1.608429885913758653e+03 5.748843397724272006e-49
1.613377187754024817e+03 5.781248929295077250e-49
1.618339706791952722e+03 5.813918445785260148e-49
1.623317489833478703e+03 5.846825745654478910e-49
1.628310583828512790e+03 5.879963403658400034e-49
1.633319035871371625e+03 5.913329374118125961e-49
1.638342893201226616e+03 5.946923556057144345e-49
1.643382203202555502e+03 5.980746673231972418e-49
1.648437013405578909e+03 6.014799843952960227e-49
1.653507371486715556e+03 6.049084394804360632e-49
1.658593325269027901e+03 6.083601772208769005e-49
1.663694922722680758e+03 6.118353497274156524e-49
1.668812211965383085e+03 6.153341141334266081e-49
1.673945241262849095e+03 6.188566312041823843e-49
1.679094059029249138e+03 6.224030645135480928e-49
1.684258713827674683e+03 6.259735799403345280e-49
1.689439254370584649e+03 6.295683453510378024e-49
1.694635729520272207e+03 6.331875303962896223e-49
1.699848188289322479e+03 6.368313063776195830e-49
1.705076679841081614e+03 6.404998461595587999e-49
1.710321253490109711e+03 6.441933241114740115e-49
1.715581958702651946e+03 6.479119160695342594e-49
1.720858845097109679e+03 6.516557993119077062e-49
1.726151962444497485e+03 6.554251525440945533e-49
1.731461360668921543e+03 6.592201558904822910e-49
1.736787089848044388e+03 6.630409908912039570e-49
1.742129200213566719e+03 6.668878405025401405e-49
1.747487742151689190e+03 6.707608891000476576e-49
1.752862766203594447e+03 6.746603224839496163e-49
1.758254323065921426e+03 6.785863278861177723e-49
1.763662463591249889e+03 6.825390939787542892e-49
1.769087238788570403e+03 6.865188108841451297e-49
1.774528699823770012e+03 6.905256701859446643e-49
1.779986898020114040e+03 6.945598649416389460e-49
1.785461884858736312e+03 6.986215896963640400e-49
1.790953711979113905e+03 7.027110404986957857e-49
1.796462431179559189e+03 7.068284149183712606e-49
1.801988094417714365e+03 7.109739120668106017e-49
1.807530753811030308e+03 7.151477326211809010e-49
1.813090461637266799e+03 7.193500788539575027e-49
1.818667270334979094e+03 7.235811546693281878e-49
1.824261232504022473e+03 7.278411656499735053e-49
1.829872400906036091e+03 7.321303191197732234e-49
1.835500828464947972e+03 7.364488242294666814e-49
1.841146568267471594e+03 7.407968920791055046e-49
1.846809673563612705e+03 7.451747358989447772e-49
1.852490197767160453e+03 7.495825713265120110e-49
1.858188194456200108e+03 7.540206168482877814e-49
1.863903717373611926e+03 7.584890945339747363e-49
1.869636820427590010e+03 7.629882313149363220e-49
1.875387557692134351e+03 7.675182613317334295e-49
1.881155983407569693e+03 7.720794305242108922e-49
1.886942151981061897e+03 7.766720063119668764e-49
1.892746117987120442e+03 7.812963000429035930e-49
1.898567936168119104e+03 7.859527258880690451e-49
1.904407661434810507e+03 7.906419838008104450e-49
1.910265348866849536e+03 7.953657890448860682e-49
1.916141053713304018e+03 8.001313048744478441e-49
1.922034831393181094e+03 8.050230145273847113e-49
1.927946737495946763e+03 8.104740654239905476e-49
1.933876827782058399e+03 8.146004867361664205e-49
1.939825158183479289e+03 8.194582856414139346e-49
1.945791784804212512e+03 8.243697486728023420e-49
1.951776763920827534e+03 8.293189323266945520e-49
1.957780151982999087e+03 8.343034597120126284e-49
1.963802005614026029e+03 8.393228513619126543e-49
1.969842381611373185e+03 8.443770896221963346e-49
1.975901336947212485e+03 8.494663083222520600e-49
1.981978928768947526e+03 8.545907019874248534e-49
1.988075214399761308e+03 8.597504922866870840e-49
1.994190251339152837e+03 8.649459178427724312e-49
2.000324097263488056e+03 8.701772241828181202e-49
2.006476810026530757e+03 8.754446634095609099e-49
2.012648447659996009e+03 8.807484918392608334e-49
2.018839068374095632e+03 8.860889691899679553e-49
2.025048730558092075e+03 8.914663580873271440e-49
2.031277492780840021e+03 8.968809237682545222e-49
2.037525413791345500e+03 9.023329339001500618e-49
2.043792552519316814e+03 9.078226584696377884e-49
2.050078968075725697e+03 9.133503697134178417e-49
2.056384719753356421e+03 9.189163420769431322e-49
2.062709867027369000e+03 9.245208521897802415e-49
2.069054469555866490e+03 9.301641788535836279e-49
2.075418587180446593e+03 9.358466030376728191e-49
2.081802279926771917e+03 9.415684078801047272e-49
2.088205608005134309e+03 9.473298786932509656e-49
2.094628631811030118e+03 9.531313029716193101e-49
2.101071411925716802e+03 9.589729704027172364e-49
2.107534009116794095e+03 9.648551728790892608e-49
2.114016484338771079e+03 9.707782045120068149e-49
2.120518898733652350e+03 9.767423616470987092e-49
2.127041313631497815e+03 9.827479428805282384e-49
2.133583790551014317e+03 9.887952490775394684e-49
2.140146391200128164e+03 9.948845833922684850e-49
2.146729177476576751e+03 1.001016251290363052e-48
2.153332211468481091e+03 1.007190560574912499e-48
2.159955555454935165e+03 1.013407821417016917e-48
2.166599271906599824e+03 1.019668346393196963e-48
2.173263423486284410e+03 1.025972450534395542e-48
2.179948073049537015e+03 1.032320451391367483e-48
2.186653283645243846e+03 1.038712669128319050e-48
2.193379118516221752e+03 1.045149426664178293e-48
2.200125641099811219e+03 1.051631049897192113e-48
2.206892915028476182e+03 1.058157868083075627e-48
2.213681004130404745e+03 1.064730214511545088e-48
2.220489972430116723e+03 1.071348427798405308e-48
2.227319884149056634e+03 1.078012854548379721e-48
2.234170803706208062e+03 1.084723855371819790e-48
2.241042795718692560e+03 1.091481820163303531e-48
2.247935925002395379e+03 1.098287213466596168e-48
2.254850256572556646e+03 1.105140743238200504e-48
2.261785855644396634e+03 1.112044264972164044e-48
2.268742787633732405e+03 1.119011098929266213e-48
2.275721118157586716e+03 1.135203585586602997e-48
2.282720913034811019e+03 1.133050238932427592e-48
2.289742238286704833e+03 1.140130989904042567e-48
2.296785160137647836e+03 1.147273181629412481e-48
2.303849745015707413e+03 1.154467230381610484e-48
2.310936059553277119e+03 1.161712207920216668e-48
2.318044170587701501e+03 1.169008155695685209e-48
2.325174145161912747e+03 1.176355330869522964e-48
2.332326050525051869e+03 1.183754058845263073e-48
2.339499954133108986e+03 1.191204692542660096e-48
2.346695923649558608e+03 1.198707598443830762e-48
2.353914026946004469e+03 1.206263151041489025e-48
2.361154332102808439e+03 1.213871730373771196e-48
2.368416907409735813e+03 1.221533720834859249e-48
2.375701821366608783e+03 1.229249510563607713e-48
2.383009142683940809e+03 1.237019491114492468e-48
2.390338940283587817e+03 1.244844057274643766e-48
2.397691283299399856e+03 1.252723606960809291e-48
2.405066241077878203e+03 1.260658541162425270e-48
2.412463883178819287e+03 1.268649263910537861e-48
2.419884279375974984e+03 1.276696182264528801e-48
2.427327499657711542e+03 1.284799706308346505e-48
2.434793614227674880e+03 1.292960249154040389e-48
2.442282693505441330e+03 1.301178226949548759e-48
2.449794808127189754e+03 1.309454058889527247e-48
2.457330028946363200e+03 1.317788167228652943e-48
2.464888427034347842e+03 1.326180977296638023e-48
2.472470073681127815e+03 1.334632917518670441e-48
2.480075040395964152e+03 1.343144420064102501e-48
2.487703398908077816e+03 1.351715917528925555e-48
2.495355221167312720e+03 1.360347849846533455e-48
2.503030579344822854e+03 1.369040657209604354e-48
2.510729545833745306e+03 1.377794783755453915e-48
2.518452193249897391e+03 1.386610676814055625e-48
2.526198594432445134e+03 1.395488786934958072e-48
2.533968822444599937e+03 1.404429567911667738e-48
2.541762950574301613e+03 1.413433476807177646e-48
2.549581052334921424e+03 1.422500973984100363e-48
2.557423201465941020e+03 1.431632523141393514e-48
2.565289471933655477e+03 1.440828591361997456e-48
2.573179937931866334e+03 1.450089649179886740e-48
2.581094673882594179e+03 1.459416170682516808e-48
2.589033754436762138e+03 1.468808633680849656e-48
2.596997254474912552e+03 1.478267520014809683e-48
2.604985249107906384e+03 1.487793316154195432e-48
2.612997813677642625e+03 1.497386514499229919e-48
2.621035023757754516e+03 1.507047616527065139e-48
2.629096955154327588e+03 1.516777141590172161e-48
2.637183683906624992e+03 1.526575656909818376e-48
2.645295286287787803e+03 1.536443916210024772e-48
2.653431838805564894e+03 1.546383984097858454e-48
2.661593418203028705e+03 1.556460448759370102e-48
2.669780101459312391e+03 1.566479865876382804e-48
2.677991965790316499e+03 1.576619442361925230e-48
2.686229088649448840e+03 1.586840251761293860e-48
2.694491547728352543e+03 1.597134429204318072e-48
2.702779420957645016e+03 1.607501813835014925e-48
2.711092786507640085e+03 1.617942787718258504e-48
2.719431722789094238e+03 1.628457836827174465e-48
2.727796308453942856e+03 1.639047478886343519e-48
2.736186622396051007e+03 1.649712245289795912e-48
2.744602743751941034e+03 1.660452675290109858e-48
2.753044751901551081e+03 1.671269313792630353e-48
2.761512726468984511e+03 1.682162710413218062e-48
2.770006747323252057e+03 1.693133419039686267e-48
2.778526894579032160e+03 1.704181997615359351e-48
2.787073248597420388e+03 1.715309008028456273e-48
2.795645889986702969e+03 1.726515016055077048e-48
2.804244899603094382e+03 1.737800591331436191e-48
2.812870358551515892e+03 1.749166307341797117e-48
2.821522348186352701e+03 1.760612741416043401e-48
2.830200950112232931e+03 1.772140474732663880e-48
2.838906246184780684e+03 1.783750092325291988e-48
2.847638318511399120e+03 1.795442183091354163e-48
2.856397249452038523e+03 1.807217339801917893e-48
2.865183121619986196e+03 1.819076159112219491e-48
2.873996017882628166e+03 1.831019241573340144e-48
2.882836021362236806e+03 1.843047191642778359e-48
2.891703215436766186e+03 1.855160617697205320e-48
2.900597683740621505e+03 1.867360132042982937e-48
2.909519510165458541e+03 1.879646350929027986e-48
2.918468778860966268e+03 1.892019894557899288e-48
2.927445574235678123e+03 1.904481387097836260e-48
2.936449980957744629e+03 1.917031456695829687e-48
2.945482083955749658e+03 1.929670735489812503e-48
2.954541968419499426e+03 1.942399859623523625e-48
2.963629719800841485e+03 1.955219469263689613e-48
2.972745423814454625e+03 1.968130208631056793e-48
2.981889166438662869e+03 1.981132725925034128e-48
2.991061033916247197e+03 1.994227673647595083e-48
3.000261112755267277e+03 2.007415708296340467e-48
3.009489489729859997e+03 2.020697490731607714e-48
3.018746251881067110e+03 2.034073686335090922e-48
3.028031486517666508e+03 2.047544965531302801e-48
3.037345281216975764e+03 2.061112005068651032e-48
3.046687723825688408e+03 2.074775491723010510e-48
3.056058902460703393e+03 2.088536135564841571e-48
3.065458905509960459e+03 2.102394736519328040e-48
3.074887821633260501e+03 2.116352830678173068e-48
3.084345739763111851e+03 2.130623275470510855e-48
3.093832749105563835e+03 2.144565647564369860e-48
3.103348939141059418e+03 2.158820019576548925e-48
3.112894399625262395e+03 2.173177393401860868e-48
3.122469220589914585e+03 2.187636981482778892e-48
3.132073492343680300e+03 2.202199332533112984e-48
3.141707305473009001e+03 2.216865124912649833e-48
3.151370750842972939e+03 2.231635066977890376e-48
3.161063919598130724e+03 2.246509878865970502e-48
3.170786903163399984e+03 2.261490287648919987e-48
3.180539793244896828e+03 2.276577025709324854e-48
3.190322681830818510e+03 2.291770830102389295e-48
3.200135661192298812e+03 2.307072442271951965e-48
3.209978823884294798e+03 2.322482607911472684e-48
3.219852262746440829e+03 2.338002076888631556e-48
3.229756070903935779e+03 2.353631603201425414e-48
3.239690341768413418e+03 2.369371944948936058e-48
3.249655169038840995e+03 2.385223864310976614e-48
3.259650646702378253e+03 2.401188127530743973e-48
3.269676869035280561e+03 2.417265504901156718e-48
3.279733930603780209e+03 2.433456770750339515e-48
3.289821926264990452e+03 2.449762703429330836e-48
3.299940951167784078e+03 2.466184085298011284e-48
3.310091100753696537e+03 2.482721702710891543e-48
3.320272470757838164e+03 2.499376346004038271e-48
3.330485157209777753e+03 2.516148809478632030e-48
3.340729256434458875e+03 2.533039891386097986e-48
3.351004865053104822e+03 2.550050393911513127e-48
3.361312079984143566e+03 2.567181123156949368e-48
3.371650998444096786e+03 2.584432889123057008e-48
3.382021717948516653e+03 2.601806505692933508e-48
3.392424336312895775e+03 2.619302790613872859e-48
3.402858951653600798e+03 2.636922565482458606e-48
3.413325662388784167e+03 2.654666655732907539e-48
3.423824567239317730e+03 2.672535890632036289e-48
3.434355765229724966e+03 2.690531103292878121e-48
3.444919355689124131e+03 2.708653130724630833e-48
3.455515438252142758e+03 2.726902813970558539e-48
3.466144112859873076e+03 2.745280998478713515e-48
3.476805479760823800e+03 2.763788535121675402e-48
3.487499639511838723e+03 2.782426283803870296e-48
3.498226692979066229e+03 2.801195128528164993e-48
3.508986741338902902e+03 2.820096084710883665e-48
3.519779886078956679e+03 2.839133171544761192e-48
3.530606228998988627e+03 2.858299826770066384e-48
3.541465872211884744e+03 2.877598218283507352e-48
3.552358918144611380e+03 2.897034921692515178e-48
3.563285469539196129e+03 2.916608072283070477e-48
3.574245629453676884e+03 2.936318399056065202e-48
3.585239501263086822e+03 2.956166755361597808e-48
3.596267188660422107e+03 2.976154017811279356e-48
3.607328795657633691e+03 2.996281071466369944e-48
3.618424426586590471e+03 3.016548806309952563e-48
3.629554186100067909e+03 3.036958116118027684e-48
3.640718179172752116e+03 3.057509898005488992e-48
3.651916511102203003e+03 3.078205052202271074e-48
3.663149287509867918e+03 3.099044481916228560e-48
3.674416614342063895e+03 3.120029093234974738e-48
3.685718597870995382e+03 3.141159795041843506e-48
3.697055344695736039e+03 3.162437498941414945e-48
3.708426961743244647e+03 3.183863119185604254e-48
3.719833556269368728e+03 3.205437572602817826e-48
3.731275235859872737e+03 3.227161778525165238e-48
3.742752108431425768e+03 3.249036658715253132e-48
3.754264282232637470e+03 3.271063137290985792e-48
3.765811865845073498e+03 3.293242140648924211e-48
3.777394968184288700e+03 3.315574597386094876e-48
3.789013698500838473e+03 3.338061438219813144e-48
3.800668166381315132e+03 3.360703595904623617e-48
3.812358481749397015e+03 3.383502005149785017e-48
3.824084754866859384e+03 3.406457602532685199e-48
3.835847096334631260e+03 3.429571326413838651e-48
3.847645617093830424e+03 3.452844116851154127e-48
3.859480428426825711e+03 3.476276915518097134e-48
3.871351641958263372e+03 3.499870665630204265e-48
3.883259369656133003e+03 3.523626311894049005e-48
3.895203723832821652e+03 3.547544800512183070e-48
3.907184817146182468e+03 3.571627079334598161e-48
3.919202762600575170e+03 3.595874098460816060e-48
3.931257673547951981e+03 3.620286812484986635e-48
3.943349663688913552e+03 3.644866190824844952e-48
3.955478847073801717e+03 3.669613295214952138e-48
3.967645338103744962e+03 3.694531950061289933e-48
3.979849251531756636e+03 3.719614996174438543e-48
3.992090702463824982e+03 3.744868998998553032e-48
4.004369806359975883e+03 3.770295630733027659e-48
4.016686679035377438e+03 3.795894705308598963e-48
4.029041436661425450e+03 3.821667099828697975e-48
4.041434195766856647e+03 3.847613751263031121e-48
4.053865073238815967e+03 3.873735606704872053e-48
4.066334186323985705e+03 3.900033615602704550e-48
4.078841652629676901e+03 3.926508727771232585e-48
4.091387590124953476e+03 3.953161892659870352e-48
4.103972117141726812e+03 3.979994058980144690e-48
4.116595352375884431e+03 4.007006174454436595e-48
4.129257414888395942e+03 4.034199185608791873e-48
4.141958424106465827e+03 4.061574037585133761e-48
4.154698499824624378e+03 4.089131673958370083e-48
4.167477762205867293e+03 4.116873036555950726e-48
4.180296331782817106e+03 4.144799065274737186e-48
4.193154329458816392e+03 4.172910697897477698e-48
4.206051876509097383e+03 4.201208869904934774e-48
4.218989094581913378e+03 4.229694514284396823e-48
4.231966105699704713e+03 4.258368561337171240e-48
4.244983032260216532e+03 4.287231938478337619e-48
4.258039997037682042e+03 4.316285570037366961e-48
4.271137123183965741e+03 4.345530377053991584e-48
4.284274534229740311e+03 4.374967277072272536e-48
4.297452354085630759e+03 4.404597183936358902e-48
4.310670707043394032e+03 4.434421007591948090e-48
4.323929717777092264e+03 4.464439653905817782e-48
4.337229511344275124e+03 4.494654024537694410e-48
4.350570213187141235e+03 4.525065016951850821e-48
4.363951949133730523e+03 4.555673524887472030e-48
4.377374845399127480e+03 4.586480440590987540e-48
4.390839028586617133e+03 4.617486666552292254e-48
4.404344625688911037e+03 4.648693222926153008e-48
4.417891764089321441e+03 4.680114793814390421e-48
4.431480571562989098e+03 4.711710130690697466e-48
4.445111176278061066e+03 4.743521621536756518e-48
4.458783706796912156e+03 4.775537132683217855e-48
4.472498292077355472e+03 4.807757133377853271e-48
4.486255061473872956e+03 4.840182422908584604e-48
4.500054144738807736e+03 4.872813821527900368e-48
4.513895672023608313e+03 4.905652147278314034e-48
4.527779773880044559e+03 4.938698211676019256e-48
4.541706581261463725e+03 4.971952818362983551e-48
4.555676225523985522e+03 5.005416762453228437e-48
4.569688838427768133e+03 5.039090830081188635e-48
4.583744552138256040e+03 5.072975798017406841e-48
4.597843499227405118e+03 5.107072433310263070e-48
4.611985812674945919e+03 5.141381492934018170e-48
4.626171625869631498e+03 5.175903723436297631e-48
4.640401072610512529e+03 5.210639860584215929e-48
4.654674287108176031e+03 5.245590629005553459e-48
4.668991403986023215e+03 5.280756741824282913e-48
4.683352558281535494e+03 5.316138900293268568e-48
4.697757885447560511e+03 5.351737793418767472e-48
4.712207521353571792e+03 5.387554097584433533e-48
4.726701602286956586e+03 5.423588476172571676e-48
4.741240264954300983e+03 5.459841579187543931e-48
4.755823646482695949e+03 5.496314042898985858e-48
4.770451884420999704e+03 5.533006489528189671e-48
4.785125116741152851e+03 5.569919527079253293e-48
4.799843481839490778e+03 5.607053749623061334e-48
4.814607118538024224e+03 5.644409739373436136e-48
4.829416166085764416e+03 5.681988078634414318e-48
4.844270764160025465e+03 5.719789465991731716e-48
4.859171052867768594e+03 5.757841172611377111e-48
4.874117172746884535e+03 5.796062633555401124e-48
4.889109264767548666e+03 5.834535062957307924e-48
4.904147470333529782e+03 5.873232698016066430e-48
4.919231931283553422e+03 5.912155697161496143e-48
4.934362789892606997e+03 5.951304465027321737e-48
4.949540188873295847e+03 5.990679410554153559e-48
4.964764271377187470e+03 6.030280927290039301e-48
4.980035180996177587e+03 6.070109389445368876e-48
4.995353061763816186e+03 6.110165150442031887e-48
5.010718058156677216e+03 6.150448542100107211e-48
5.026130315095742844e+03 6.190959873974742375e-48
5.041589977947732223e+03 6.231699432755569384e-48
5.057097192526501203e+03 6.272667481686001374e-48
5.072652105094399303e+03 6.313864259984428989e-48
5.088254862363676693e+03 6.355289982264856443e-48
5.103905611497832069e+03 6.396944837952317301e-48
5.119604500113026006e+03 6.438828990691663714e-48
5.135351676279457024e+03 6.480942577756853994e-48
5.151147288522783128e+03 6.523285709455341980e-48
5.166991485825492418e+03 6.565858468547643523e-48
5.182884417628323718e+03 6.608660909695595687e-48
5.198826233831673562e+03 6.651693059013808613e-48
5.214817084797022289e+03 6.694954913931368730e-48
5.230857121348327382e+03 6.738446444185298168e-48
5.246946494773458653e+03 6.782167598199794465e-48
5.263085356825641611e+03 6.826118351309990046e-48
5.279273859724858085e+03 6.870299975376020874e-48
5.295512156159302322e+03 6.914709033947760546e-48
5.311800399286808897e+03 6.959345787808971764e-48
5.328138742736320637e+03 7.004212694913137553e-48
5.344527340609306520e+03 7.049308213973480724e-48
5.360966347481233242e+03 7.094631976782909233e-48
5.377455918403016767e+03 7.140183633408874160e-48
5.393996208902501166e+03 7.185962805589440448e-48
5.410587374985896531e+03 7.231969079358063324e-48
5.427229573139272361e+03 7.278202002729837193e-48
5.443922960330021851e+03 7.324661084448812379e-48
5.460667694008361650e+03 7.371345793022021508e-48
5.477463932108788867e+03 7.418255555855013954e-48
5.494311833051583562e+03 7.465389758397833293e-48
5.511211555744320322e+03 7.512747743324680463e-48
5.528163259583334366e+03 7.560328809699706414e-48
5.545167104455248591e+03 7.608132212151273893e-48
5.562223250738467868e+03 7.656157160056894367e-48
5.579331859304712452e+03 7.704402816763083120e-48
5.596493091520510461e+03 7.752868298906904734e-48
5.613707109248729466e+03 7.801552676057718230e-48
5.630974074850103534e+03 7.850454971491355420e-48
5.648294151184776638e+03 7.899574168256045156e-48
5.665667501613816967e+03 7.948909254533907875e-48
5.683094290000769433e+03 7.998460236073575483e-48
5.700574680713198177e+03 8.048224250752399309e-48
5.718108838624249984e+03 8.098197353666855922e-48
5.735696929114185878e+03 8.148383499990524782e-48
5.753339118071950907e+03 8.198779356072999640e-48
5.771035571896758483e+03 8.249383430481414460e-48
5.788786457499624703e+03 8.300194245327869643e-48
5.806591942304967233e+03 8.351210275474052546e-48
5.824452194252169647e+03 8.402429939293853159e-48
5.842367381797193957e+03 8.453851595784778971e-48
5.860337673914127663e+03 8.505473542979537617e-48
5.878363240096806294e+03 8.557294016714823025e-48
5.896444250360399565e+03 8.609311189509654592e-48
5.914580875243032096e+03 8.661523169491282317e-48
5.932773285807369575e+03 8.713927999342877344e-48
5.951021653642241290e+03 8.766523655283194474e-48
5.969326150864259944e+03 8.819308046102934595e-48
5.987686950119456014e+03 8.872279012422902925e-48
6.006104224584880285e+03 8.925434326545927983e-48
6.024578147970250029e+03 8.978771694960262745e-48
6.043108894519607929e+03 9.032288776292344398e-48
6.061696639012928244e+03 9.085983392912691420e-48
6.080341556767790280e+03 9.140322279099242420e-48
6.099043823641017298e+03 9.193893299264962121e-48
6.117803616030364537e+03 9.248103442115264404e-48
6.136621110876141756e+03 9.302480529601215226e-48
6.155496485662905798e+03 9.357021507780130782e-48
6.174429918421127695e+03 9.411723438217856947e-48
6.193421587728892518e+03 9.466583322589329200e-48
6.212471672713547377e+03 9.521598084754396195e-48
6.231580353053415820e+03 9.576764566322731464e-48
6.250747808979480396e+03 9.632079524569738313e-48
6.269974221277108882e+03 9.687539630927417563e-48
6.289259771287715921e+03 9.743141469665760452e-48
6.308604640910501985e+03 9.798881536638243442e-48
6.328009012604178679e+03 9.854756238077740402e-48
6.347473069388657677e+03 9.910761889458057210e-48
6.366996994846798771e+03 9.966894714523010097e-48
6.386580973126132449e+03 1.002315084486527824e-47
6.406225188940615226e+03 1.007952632182138116e-47
6.425929827572345857e+03 1.013601711274183853e-47
6.445695074873324302e+03 1.019261933117010814e-47
6.465521117267201589e+03 1.024934988553241964e-47
6.485408141751059702e+03 1.030613906329779423e-47
6.505356335897138706e+03 1.036304811249511619e-47
6.525365887854628454e+03 1.042005080898169808e-47
6.545436986351435735e+03 1.047714235431378910e-47
6.565569820695984163e+03 1.053431796121515902e-47
6.585764580778965865e+03 1.059157275039117916e-47
6.606021457075147737e+03 1.064890173840676177e-47
6.626340640645191343e+03 1.070629983421631071e-47
6.646722323137413696e+03 1.076376183727278044e-47
6.667166696789619891e+03 1.082128243604496727e-47
6.687673954430905724e+03 1.087885620666904033e-47
6.708244289483503053e+03 1.093647761165954359e-47
6.728877895964560594e+03 1.099414099866483170e-47
6.749574968488004743e+03 1.105184059929349562e-47
6.770335702266360386e+03 1.110957052812594479e-47
6.791160293112614454e+03 1.116732478238281768e-47
6.812048937442032184e+03 1.122509724481467172e-47
6.833001832274028857e+03 1.128288171373434502e-47
6.854019175234014256e+03 1.134067304322726303e-47
6.875101164555290779e+03 1.139846124498142570e-47
6.896247999080873342e+03 1.145624226619880565e-47
6.917459878265393854e+03 1.151400947650194237e-47
6.938737002176995702e+03 1.157175558228546078e-47
6.960079571499183658e+03 1.162947355506846817e-47
6.981487787532744733e+03 1.168715625969041105e-47
7.002961852197629014e+03 1.174479643412230576e-47
7.024501968034887796e+03 1.180238668534420478e-47
7.046108338208537134e+03 1.185991948747749971e-47
7.067781166507503258e+03 1.191738718041667218e-47
7.089520657347531596e+03 1.197478196862824955e-47
7.111327015773143103e+03 1.203209592001511673e-47
7.133200447459525094e+03 1.208932096482025668e-47
7.155141158714497578e+03 1.214644889458553789e-47
7.177149356480453207e+03 1.220347136117371644e-47
7.199225248336322693e+03 1.226037987599224370e-47
7.221369042499505667e+03 1.231716580993158557e-47
7.243580947827843374e+03 1.237382039752320791e-47
7.265861173821622288e+03 1.243033479523033941e-47
7.288209930625495872e+03 1.248674723441107149e-47
7.310627429030497296e+03 1.254290613932767538e-47
7.333113880476022132e+03 1.259894456009520178e-47
7.355669497051842882e+03 1.265480564483896714e-47
7.378294491500065305e+03 1.271047968542574454e-47
7.400989077217171143e+03 1.276595687458978062e-47
7.423753468256010819e+03 1.282122726084502259e-47
7.446587879327849805e+03 1.287628074336787924e-47
7.469492525804354955e+03 1.293110707042973584e-47
7.492467623719657240e+03 1.298569583848919844e-47
7.515513389772364462e+03 1.304003649148819312e-47
7.538630041327646722e+03 1.309411832022450612e-47
7.561817796419223669e+03 1.314793046179967844e-47
7.585076873751473613e+03 1.320146189911093797e-47
7.608407492701490810e+03 1.325470146042085364e-47
7.631809873321118175e+03 1.330763781902100580e-47
7.655284236339057315e+03 1.336025949315266462e-47
7.678830803162933989e+03 1.341255484700203984e-47
7.702449795881412683e+03 1.346451210029538518e-47
7.726141437266249341e+03 1.351611967757535702e-47
7.749905950774422308e+03 1.356736441226682095e-47
7.773743560550220536e+03 1.361823478357288846e-47
7.797654491427395442e+03 1.366871844984945675e-47
7.821638968931233649e+03 1.371880269152852774e-47
7.845697219280708850e+03 1.376847476541587889e-47
7.869829469390608210e+03 1.381772177953645149e-47
7.894035946873696048e+03 1.386653068701904212e-47
7.918316880042822049e+03 1.391488828537278235e-47
7.942672497913089501e+03 1.396278121658882426e-47
7.967103030204046263e+03 1.401019596746304265e-47
7.991608707341801164e+03 1.405711887004992383e-47
8.016189760461228616e+03 1.410353610220808096e-47
8.040846421408131391e+03 1.414943368823090801e-47
8.065578922741460701e+03 1.419479749957634257e-47
8.090387497735467150e+03 1.423961325571329802e-47
8.115272380381921721e+03 1.428386652517468766e-47
8.140233805392314935e+03 1.432754272730662192e-47
8.165272008200102391e+03 1.437062713896978879e-47
8.190387224962873916e+03 1.441310506808987437e-47
8.215579692564611832e+03 1.445496099479694555e-47
8.240849648617919229e+03 1.449617999876476999e-47
8.266197331466277319e+03 1.453674692633998282e-47
8.291622980186260975e+03 1.457664621103058128e-47
8.317126834589807913e+03 1.461586224736273686e-47
8.342709135226501530e+03 1.465437929610996077e-47
8.368370123385811894e+03 1.469218148175633800e-47
8.394110041099376758e+03 1.472925279381280195e-47
8.419929131143280756e+03 1.476557708875419384e-47
8.445827637040385525e+03 1.480113809218167787e-47
8.471805803062563427e+03 1.483591940114669707e-47
8.497863874233044044e+03 1.486990448660148489e-47
8.524002096328704283e+03 1.490307669599541177e-47
8.550220715882418517e+03 1.493541925601156089e-47
8.576519980185345048e+03 1.496691527549557821e-47
8.602900137289268969e+03 1.499754774871760203e-47
8.629361436008946839e+03 1.502729956006583857e-47
8.655904125924484106e+03 1.505615350711101587e-47
8.682528457383621571e+03 1.508409416519054576e-47
8.709234681504149194e+03 1.511109821329359463e-47
8.736023050176270772e+03 1.513715403831708177e-47
8.762893816064950443e+03 1.516224206366418725e-47
8.789847232612322841e+03 1.518634456181910067e-47
8.816883554040063245e+03 1.520944372990862448e-47
8.844003035351823200e+03 1.523152168488553581e-47
8.871205932335584293e+03 1.525256046708086596e-47
8.898492501566104693e+03 1.527254204469836617e-47
8.925863000407322033e+03 1.529144831863183373e-47
8.953317687014809053e+03 1.530926112749103546e-47
8.980856820338169200e+03 1.532596225283156619e-47
9.008480660123503185e+03 1.534153342457269340e-47
9.036189466915848243e+03 1.535595632662370928e-47
9.063983502061664694e+03 1.536921260276327272e-47
9.091863027711247923e+03 1.538128386297247227e-47
9.119828306821240403e+03 1.539215169190380545e-47
9.147879603157118254e+03 1.540179770256305496e-47
9.176017181295639602e+03 1.541020339049537227e-47
9.204241306627376616e+03 1.541735007416575025e-47
9.232552245359187509e+03 1.542321962373995459e-47
9.260950264516775860e+03 1.542779345941749800e-47
9.289435631947155343e+03 1.543105313053578405e-47
9.318008616321203590e+03 1.543298021150817968e-47
9.346669487136183307e+03 1.543355630634345333e-47
9.375418514718323422e+03 1.543276305631328571e-47
9.404255970225302008e+03 1.543058214821640253e-47
9.433182125648854708e+03 1.542699532294217517e-47
9.462197253817315868e+03 1.542198438430193508e-47
9.491301628398232424e+03 1.541553120811537335e-47
9.520495523900875924e+03 1.540761775156008157e-47
9.549779215678880064e+03 1.539822606282293313e-47
9.579152979932845483e+03 1.538733829126174943e-47
9.608617093712906353e+03 1.537493669974354585e-47
9.638171834921367918e+03 1.536100372816334704e-47
9.667817482315322195e+03 1.534552177578102793e-47
9.697554315509292792e+03 1.532847343792085148e-47
9.727382614977843332e+03 1.530984171537786531e-47
9.757302662058238639e+03 1.528960950419595893e-47
9.787314738953087726e+03 1.526775995147711478e-47
9.817419128733050457e+03 1.524427639618218712e-47
9.847616115339436874e+03 1.521914237881643224e-47
9.877905983586924776e+03 1.519234165358975184e-47
9.908289019166246362e+03 1.516385820114682862e-47
9.938765508646893068e+03 1.513367624163360354e-47
9.969335739479784024e+03 1.510178024808204584e-47
1.000000000000000000e+04 1.506815495859250032e-47
